Workbook

Sheet Sheet1
A1: Request No | B1: RCA No | C1: Date_of_Request | D1: Date_of_Report | E1: Model | F1: Customer | G1: Serial Number | H1: Def_ID | I1: Official_Defect_Name | J1: Defect Category | K1: Defect Name | L1: Severity_Level | M1: Detect_By | N1: Stage | O1: During_Process | P1: How_Much | Q1: Main_Impact | R1: Phenomenon | S1: Verify Phenomenon | T1: Link Photo of Phenomenon | U1: Url Photo | V1: Task Id | W1: Analyze_Process | X1: Part_Replacement | Y1: Materials | Z1: Machine/Jig | AA1: Man | AB1: Methode | AC1: 4M_Potential_Cause | AD1: W0 | AE1: W1 | AF1: W2 | AG1: W3 | AH1: W4 | AI1: 5-Why_Analyze | AJ1: Root Cause | AK1: Corrective_Action | AL1: Preventive_Action | AM1: Action Item | AN1: Created By
A2: AR241125015913 | C2: 45621 | E2: Takatsu-8 Autocutter | H2: =VLOOKUP(Table1[[#This Row],[Official_Defect_Name]],Sheet2!$A:$F,2,FALSE) -> TKSAL-004 | I2: Abnormal PGU Movement | K2: Abnormal PGU Movement | L2: =VLOOKUP(Table1[[#This Row],[Official_Defect_Name]],Table3[#All],6,1) -> #N/A | M2: Operator | N2: STAGE PH 2 | R2: PGU seret saat open/close .
A3: AR241128030530 | C3: 45624 | E3: Takatsu-4 Autocutter | H3: =VLOOKUP(Table1[[#This Row],[Official_Defect_Name]],Sheet2!$A:$F,2,FALSE) -> TKSAL-010 | I3: DO | K3: DO | L3: =VLOOKUP(Table1[[#This Row],[Official_Defect_Name]],Table3[#All],6,1) -> Critical | M3: Operator | N3: PRINTING | R3: Jig 6
A4: AR241128030601 | C4: 45624 | E4: Takatsu-4 Autocutter | H4: =VLOOKUP(Table1[[#This Row],[Official_Defect_Name]],Sheet2!$A:$F,2,FALSE) -> TKSAL-010 | I4: DO | K4: DO | L4: =VLOOKUP(Table1[[#This Row],[Official_Defect_Name]],Table3[#All],6,1) -> Critical | M4: Operator | N4: PRINTING | R4: Jig 2
A5: AR241128081950 | C5: 45624 | E5: Takatsu-8 Autocutter | H5: =VLOOKUP(Table1[[#This Row],[Official_Defect_Name]],Sheet2!$A:$F,2,FALSE) -> TKSAL-008 | I5: DMAH | K5: DMAH | L5: =VLOOKUP(Table1[[#This Row],[Official_Defect_Name]],Table3[#All],6,1) -> Severity | M5: Operator | N5: PRINTING | R5: Jig 07
A6: AR241202103435 | C6: 45628 | E6: Takatsu-4 Autocutter | H6: =VLOOKUP(Table1[[#This Row],[Official_Defect_Name]],Sheet2!$A:$F,2,FALSE) -> TKSFE-003 | I6: Fatal Error 6727 | K6: Fatal Error 6727 | L6: =VLOOKUP(Table1[[#This Row],[Official_Defect_Name]],Table3[#All],6,1) -> Low | M6: Operator | N6: STG PRINTING | R6: Setelah power on di stg printing | S6: Fatal error 006727 | T6: [{"name":"6727_Nazar Bagus H..jpg","link":"https://epsongroup-my.sharepoint.com/personal/brian_ramdhani_epson_co_id/Documents/Apps/Microsoft%20Forms/TAKATSU%20ANALYZE%20REPORT/Question/6727_Nazar%20Bagus%20H..jpg","id":"01D6UVHSNVD5QK3KJ5KFBYH3PWNW7ZBPXN","type":null,"size":112887,"referenceId":"01D6UVHSOX5DG5RX522VGYFCV365U3UBU3","driveId":"b!7qg8FsnQY0iiT36_x6Novv_3J9v4MtxPsytkCbb-ZPz3ScQFcxKeSqI2jw7AAtnZ","status":1,"uploadSessionUrl":null}] | U6: https://epsongroup-my.sharepoint.com/personal/brian_ramdhani_epson_co_id/Documents/Apps/Microsoft%20Forms/TAKATSU%20ANALYZE%20REPORT/Question/6727_Nazar%20Bagus%20H..jpg | AM6: Change CH77 Main
A7: AR241203025422 | C7: 45629 | E7: Takatsu-4 Autocutter | H7: =VLOOKUP(Table1[[#This Row],[Official_Defect_Name]],Sheet2!$A:$F,2,FALSE) -> TKSAL-017 | I7: Paper Jam | K7: Paper Jam | L7: =VLOOKUP(Table1[[#This Row],[Official_Defect_Name]],Table3[#All],6,1) -> Low | M7: Operator | N7: STG PRINTING | R7: Saat setting paper | S7: During printing menu nozzle check at printing stage, found paper jam | T7: [{"name":"Picture2_Zainul Muttaqin.png","link":"https://epsongroup-my.sharepoint.com/personal/brian_ramdhani_epson_co_id/Documents/Apps/Microsoft%20Forms/TAKATSU%20ANALYZE%20REPORT/Question/Picture2_Zainul%20Muttaqin.png","id":"01D6UVHSM3PCHREI7VGZBISCMYTDIFXVQJ","type":null,"size":909786,"referenceId":"01D6UVHSOX5DG5RX522VGYFCV365U3UBU3","driveId":"b!7qg8FsnQY0iiT36_x6Novv_3J9v4MtxPsytkCbb-ZPz3ScQFcxKeSqI2jw7AAtnZ","status":1,"uploadSessionUrl":null}] | U7: https://epsongroup-my.sharepoint.com/personal/brian_ramdhani_epson_co_id/Documents/Apps/Microsoft%20Forms/TAKATSU%20ANALYZE%20REPORT/Question/Picture2_Zainul%20Muttaqin.png | V7: u6lneZPVp0uCYlaPVWhPOMgACrgC | AJ7: Harness connection Paper Jam Detect was broken, release soldering | AM7: Reminding OPR to carefully during arrange harness connection Paper Jam Detect, and follow SWP | AN7: Zainul Muttaqin
A8: AR241203090108 | C8: 45629 | E8: Takatsu-4 Autocutter | H8: =VLOOKUP(Table1[[#This Row],[Official_Defect_Name]],Sheet2!$A:$F,2,FALSE) -> TKSAL-020 | I8: PF Measurement NG | K8: PF Measurement NG | L8: =VLOOKUP(Table1[[#This Row],[Official_Defect_Name]],Table3[#All],6,1) -> Low | M8: Operator | N8: STG PG | R8: Saat proses pf measurment | S8: During PF Measurement, found Result NG (PF MEASURMENT NG (maincalculation error Aveti_L over)) | T8: [{"name":"PF OK_Nazar Bagus H..jpg","link":"https://epsongroup-my.sharepoint.com/personal/brian_ramdhani_epson_co_id/Documents/Apps/Microsoft%20Forms/TAKATSU%20ANALYZE%20REPORT/Question/PF%20OK_Nazar%20Bagus%20H..jpg","id":"01D6UVHSKD2J6IUD5FNFBZ7T7TWAUQ4ANP","type":null,"size":77030,"referenceId":"01D6UVHSOX5DG5RX522VGYFCV365U3UBU3","driveId":"b!7qg8FsnQY0iiT36_x6Novv_3J9v4MtxPsytkCbb-ZPz3ScQFcxKeSqI2jw7AAtnZ","status":1,"uploadSessionUrl":null}] | U8: https://epsongroup-my.sharepoint.com/personal/brian_ramdhani_epson_co_id/Documents/Apps/Microsoft%20Forms/TAKATSU%20ANALYZE%20REPORT/Question/PF%20OK_Nazar%20Bagus%20H..jpg | V8: edT7obW9EEalpfTUGsfyw8gAGX1k | AM8: Re Check in Line 5x OK (Pn/n : 0/5) --> 4M New Man Power MA04 --> Re Educate Man Power to Ensure Belt Tension meet Specification --> Continue Monitoring | AN8: Nazar Bagus H.
A9: AR241204120145 | C9: 45630 | E9: Takatsu-4 Autocutter | H9: =VLOOKUP(Table1[[#This Row],[Official_Defect_Name]],Sheet2!$A:$F,2,FALSE) -> TKSAL-015 | I9: MNU Measurement NG | K9: MNU Measurement NG | L9: =VLOOKUP(Table1[[#This Row],[Official_Defect_Name]],Table3[#All],6,1) -> Low | M9: Operator | N9: PG | R9: E (Saat proses MNU MEASURMENT) | S9: When MNU Measurement Check, hear Noise different with other product | T9: [{"name":"Screenshot_20241206_134121_Sound Meter_Rio Rizki Khanigia.jpg","link":"https://epsongroup-my.sharepoint.com/personal/brian_ramdhani_epson_co_id/Documents/Apps/Microsoft%20Forms/TAKATSU%20ANALYZE%20REPORT/Question/Screenshot_20241206_134121_Sound%20Meter_Rio%20Rizki%20Khanigia.jpg","id":"01D6UVHSK2UZPBHIQLP5GI5MPXIZQOFUIZ","type":null,"size":150672,"referenceId":"01D6UVHSOX5DG5RX522VGYFCV365U3UBU3","driveId":"b!7qg8FsnQY0iiT36_x6Novv_3J9v4MtxPsytkCbb-ZPz3ScQFcxKeSqI2jw7AAtnZ","status":1,"uploadSessionUrl":null}] | U9: https://epsongroup-my.sharepoint.com/personal/brian_ramdhani_epson_co_id/Documents/Apps/Microsoft%20Forms/TAKATSU%20ANALYZE%20REPORT/Question/Screenshot_20241206_134121_Sound%20Meter_Rio%20Rizki%20Khanigia.jpg | V9: kipjsswdQUKJRBkJRQ3JW8gAFdkV | AJ9: Operator Over judgement during MNU Measurement. We already check with db Meter (Nilai Kebisingan), result measurement OK and NG same value (81-86 db), and not any STD noise db for MNU measurement | AM9: Continue production refer to db meter check OK and NG product same (81-86 db) | AN9: Rio Rizki Khanigia
A10: AR241205084758 | C10: 45631 | E10: Takatsu-8 Autocutter | H10: =VLOOKUP(Table1[[#This Row],[Official_Defect_Name]],Sheet2!$A:$F,2,FALSE) -> TKSAL-004 | I10: Abnormal PGU Movement | K10: Abnormal PGU Movement | L10: =VLOOKUP(Table1[[#This Row],[Official_Defect_Name]],Table3[#All],6,1) -> #N/A | M10: Operator | N10: STAGE PH 2 | R10: Still analize | S10: PGU Seret saat fitting check di mechanism | T10: [{"name":"PGU Seret_Nazar Bagus H..jpg","link":"https://epsongroup-my.sharepoint.com/personal/brian_ramdhani_epson_co_id/Documents/Apps/Microsoft%20Forms/TAKATSU%20ANALYZE%20REPORT/Question/PGU%20Seret_Nazar%20Bagus%20H..jpg","id":"01D6UVHSKA7KYKTWPB3ZDZMTLK3UF2K4KV","type":null,"size":52789,"referenceId":"01D6UVHSOX5DG5RX522VGYFCV365U3UBU3","driveId":"b!7qg8FsnQY0iiT36_x6Novv_3J9v4MtxPsytkCbb-ZPz3ScQFcxKeSqI2jw7AAtnZ","status":1,"uploadSessionUrl":null}] | U10: https://epsongroup-my.sharepoint.com/personal/brian_ramdhani_epson_co_id/Documents/Apps/Microsoft%20Forms/TAKATSU%20ANALYZE%20REPORT/Question/PGU%20Seret_Nazar%20Bagus%20H..jpg | V10: FWaQ3dCi2kqfGVE22BJpdMgAHYsZ | AJ10: Frame PF Right slighty not fix | AM10: Additional Hold Frame PF Right During Screwing --> Check Any Related Part CHaracter on This Phenomenon | AN10: Nazar Bagus H.
A11: AR241205092813 | C11: 45631 | E11: Takatsu-8 Autocutter | H11: =VLOOKUP(Table1[[#This Row],[Official_Defect_Name]],Sheet2!$A:$F,2,FALSE) -> TKSAL-004 | I11: Abnormal PGU Movement | K11: Abnormal PGU Movement | L11: =VLOOKUP(Table1[[#This Row],[Official_Defect_Name]],Table3[#All],6,1) -> #N/A | M11: Operator | N11: STG PH 2 | R11: Stil analize | V11: q0NSErwdaEOccNo9iIQJt8gALOg6
A12: AR241205121653 | E12: Takatsu-8 Autocutter | H12: =VLOOKUP(Table1[[#This Row],[Official_Defect_Name]],Sheet2!$A:$F,2,FALSE) -> TKSAL-009 | I12: DMAV | K12: DMAV | L12: =VLOOKUP(Table1[[#This Row],[Official_Defect_Name]],Table3[#All],6,1) -> Severity | M12: Operator | N12: PRINTING | R12: Jig 6 | S12: Found DMAV on Printing Result | T12: [{"name":"DMAV_Nazar Bagus H..jpg","link":"https://epsongroup-my.sharepoint.com/personal/brian_ramdhani_epson_co_id/Documents/Apps/Microsoft%20Forms/TAKATSU%20ANALYZE%20REPORT/Question/DMAV_Nazar%20Bagus%20H..jpg","id":"01D6UVHSMNWKBPD4EQCJD3NIMHNLGZORHR","type":null,"size":52376,"referenceId":"01D6UVHSOX5DG5RX522VGYFCV365U3UBU3","driveId":"b!7qg8FsnQY0iiT36_x6Novv_3J9v4MtxPsytkCbb-ZPz3ScQFcxKeSqI2jw7AAtnZ","status":1,"uploadSessionUrl":null}] | U12: https://epsongroup-my.sharepoint.com/personal/brian_ramdhani_epson_co_id/Documents/Apps/Microsoft%20Forms/TAKATSU%20ANALYZE%20REPORT/Question/DMAV_Nazar%20Bagus%20H..jpg | V12: M2f-exdvGEu6yjDF0yIG4sgANkF4 | AJ12: Print Head Dirty | AM12: Wiping Print Head di Repair OK | AN12: Nazar Bagus H.
A13: AR241209101122 | C13: 45635 | E13: Takatsu-8 Autocutter | H13: =VLOOKUP(Table1[[#This Row],[Official_Defect_Name]],Sheet2!$A:$F,2,FALSE) -> TKSAL-004 | I13: Abnormal PGU Movement | K13: Abnormal PGU Movement | L13: =VLOOKUP(Table1[[#This Row],[Official_Defect_Name]],Table3[#All],6,1) -> #N/A | M13: Operator | N13: EXTERNAL | R13: PGU seret saat buka - tutup | S13: At External when Operator check PGU Movement, find little hard to Open | T13: [{"name":"20241209_115941 Copy_Rio Rizki Khanigia 1.jpg","link":"https://epsongroup-my.sharepoint.com/personal/brian_ramdhani_epson_co_id/Documents/Apps/Microsoft%20Forms/TAKATSU%20ANALYZE%20REPORT/Question/20241209_115941%20Copy_Rio%20Rizki%20Khanigia%201.jpg","id":"01D6UVHSKJ5OIIHMCOQNBLHCUW3GAFRV5Y","type":null,"size":2116186,"referenceId":"01D6UVHSOX5DG5RX522VGYFCV365U3UBU3","driveId":"b!7qg8FsnQY0iiT36_x6Novv_3J9v4MtxPsytkCbb-ZPz3ScQFcxKeSqI2jw7AAtnZ","status":1,"uploadSessionUrl":null}] | V13: YU41i0Rov0a-gBOezRRzGMgAL_3y | AJ13: Fixture Case Lower not Flat cause not yet POM Supporting | AM13: Additional POM Holder at Case Lower Assembly Fixture 2 Pcs, and monitoring impact improvement with marking "D" at wagon identity product | AN13: Rio Rizki Khanigia
A14: AR241210025830 | C14: 45636 | E14: Takatsu-8 Autocutter | H14: =VLOOKUP(Table1[[#This Row],[Official_Defect_Name]],Sheet2!$A:$F,2,FALSE) -> TKSAL-025 | I14: Shutter Check Noise | K14: Shutter Check Noise | L14: =VLOOKUP(Table1[[#This Row],[Official_Defect_Name]],Table3[#All],6,1) -> Low | M14: Operator | N14: STG PG | R14: Saat proses shutter chek | V14: hwwsGexcqkyBCQ4x7IWK0cgAOnhK
A15: AR241210052057 | C15: 45636 | E15: Takatsu-8 Autocutter | H15: =VLOOKUP(Table1[[#This Row],[Official_Defect_Name]],Sheet2!$A:$F,2,FALSE) -> TKSAL-025 | I15: Shutter Check Noise | K15: Shutter Check Noise | L15: =VLOOKUP(Table1[[#This Row],[Official_Defect_Name]],Table3[#All],6,1) -> Low | M15: Operator | N15: STG PG | R15: Saat proses pg | S15: During shutter check at PG Stage, found noise platen near on spur gear platen area (Pn/n: 2/35) | T15: [{"name":"Shutter Noise caused by Spur Gear_Zainul Muttaqin.jpg","link":"https://epsongroup-my.sharepoint.com/personal/brian_ramdhani_epson_co_id/Documents/Apps/Microsoft%20Forms/TAKATSU%20ANALYZE%20REPORT/Question/Shutter%20Noise%20caused%20by%20Spur%20Gear_Zainul%20Muttaqin.jpg","id":"01D6UVHSN7ZTIGG5N3TJAZACF7WX63WPA3","type":null,"size":67004,"referenceId":"01D6UVHSOX5DG5RX522VGYFCV365U3UBU3","driveId":"b!7qg8FsnQY0iiT36_x6Novv_3J9v4MtxPsytkCbb-ZPz3ScQFcxKeSqI2jw7AAtnZ","status":1,"uploadSessionUrl":null}] | U15: https://epsongroup-my.sharepoint.com/personal/brian_ramdhani_epson_co_id/Documents/Apps/Microsoft%20Forms/TAKATSU%20ANALYZE%20REPORT/Question/Shutter%20Noise%20caused%20by%20Spur%20Gear_Zainul%20Muttaqin.jpg | V15: FocLiBfpgU--IwLEtS7bMMgAFNau | AJ15: Suspect mistake placement by OPR on WIP, but we still continue monitoring and still analyze to find rootcause. | AM15: Correction placement motor platen by OPR and continue monitoring this defect. | AN15: Zainul Muttaqin
A16: AR241210073009 | C16: 45636 | E16: Takatsu-8 Autocutter | H16: =VLOOKUP(Table1[[#This Row],[Official_Defect_Name]],Sheet2!$A:$F,2,FALSE) -> TKSAL-004 | I16: Abnormal PGU Movement | K16: Abnormal PGU Movement | L16: =VLOOKUP(Table1[[#This Row],[Official_Defect_Name]],Table3[#All],6,1) -> #N/A | M16: Operator | N16: PRINT HEAD 2 | R16: Still analize | V16: V_oOPkdX4EW6rCGX9hCObsgAAgfu
A17: AR241210093321 | C17: 45636 | E17: Takatsu-8 Autocutter | H17: =VLOOKUP(Table1[[#This Row],[Official_Defect_Name]],Sheet2!$A:$F,2,FALSE) -> TKSAL-003 | I17: Abnormal Paper Loading | K17: Abnormal Paper Loading | L17: =VLOOKUP(Table1[[#This Row],[Official_Defect_Name]],Table3[#All],6,1) -> #N/A | M17: Operator | N17: PG | R17: Saat proses label inspection sheet | S17: During label calibration at PG Stage, panel shown [the paper not loaded correctly] | T17: [{"name":"the paper is not loaded correctly_Zainul Muttaqin 1.jpg","link":"https://epsongroup-my.sharepoint.com/personal/brian_ramdhani_epson_co_id/Documents/Apps/Microsoft%20Forms/TAKATSU%20ANALYZE%20REPORT/Question/the%20paper%20is%20not%20loaded%20correctly_Zainul%20Muttaqin%201.jpg","id":"01D6UVHSJCMEDKSOFB5BG2DRUPR5MIYFI6","type":null,"size":34192,"referenceId":"01D6UVHSOX5DG5RX522VGYFCV365U3UBU3","driveId":"b!7qg8FsnQY0iiT36_x6Novv_3J9v4MtxPsytkCbb-ZPz3ScQFcxKeSqI2jw7AAtnZ","status":1,"uploadSessionUrl":null}] | U17: https://epsongroup-my.sharepoint.com/personal/brian_ramdhani_epson_co_id/Documents/Apps/Microsoft%20Forms/TAKATSU%20ANALYZE%20REPORT/Question/the%20paper%20is%20not%20loaded%20correctly_Zainul%20Muttaqin%201.jpg | V17: RKyWbVPnkkynq89fpEd3vMgAKG7u | AJ17: BM Sensor NG - Still Analyze | AM17: Change BM Sensor NG - Continue monitoring this defect | AN17: Zainul Muttaqin
A18: AR241211010730 | C18: 45637 | E18: Takatsu-8 Autocutter | H18: =VLOOKUP(Table1[[#This Row],[Official_Defect_Name]],Sheet2!$A:$F,2,FALSE) -> TKSFE-002 | I18: Fatal Error 5151 | K18: Fatal Error 5151 | L18: =VLOOKUP(Table1[[#This Row],[Official_Defect_Name]],Table3[#All],6,1) -> High | M18: Operator | N18: STG PRINTING | R18: Saat proses power on | S18: During initialize product on Printing Stage, found fatal error 005151 | T18: [{"name":"FE 05151_Zainul Muttaqin.jpg","link":"https://epsongroup-my.sharepoint.com/personal/brian_ramdhani_epson_co_id/Documents/Apps/Microsoft%20Forms/TAKATSU%20ANALYZE%20REPORT/Question/FE%2005151_Zainul%20Muttaqin.jpg","id":"01D6UVHSLNEATZB7FRQFDZFZSNFBZSMHXE","type":null,"size":87766,"referenceId":"01D6UVHSOX5DG5RX522VGYFCV365U3UBU3","driveId":"b!7qg8FsnQY0iiT36_x6Novv_3J9v4MtxPsytkCbb-ZPz3ScQFcxKeSqI2jw7AAtnZ","status":1,"uploadSessionUrl":null}] | U18: https://epsongroup-my.sharepoint.com/personal/brian_ramdhani_epson_co_id/Documents/Apps/Microsoft%20Forms/TAKATSU%20ANALYZE%20REPORT/Question/FE%2005151_Zainul%20Muttaqin.jpg | V18: id7V16wGGkKRwoZTweG2QMgAPm_D | AJ18: OPR forget take out Jig head incline adjustment | AM18: Reminding OPR to must be take out all of Jig, if adjustment process already finished | AN18: Zainul Muttaqin
A19: AR241212080711 | C19: 45638 | E19: Takatsu-4 Autocutter | H19: =VLOOKUP(Table1[[#This Row],[Official_Defect_Name]],Sheet2!$A:$F,2,FALSE) -> TKSAL-005 | I19: Abnormal Power On | K19: Abnormal Power On | L19: =VLOOKUP(Table1[[#This Row],[Official_Defect_Name]],Table3[#All],6,1) -> #N/A | M19: Operator | N19: STG INTETNAL | R19: Standar lcd tampilannya warna hitam actual warna putih | S19: During initial power ON product at Internal Stage, found abnormal LCD Panel [Blue Color] | T19: [{"name":"Abnormal LCD Panel_Zainul Muttaqin.jpg","link":"https://epsongroup-my.sharepoint.com/personal/brian_ramdhani_epson_co_id/Documents/Apps/Microsoft%20Forms/TAKATSU%20ANALYZE%20REPORT/Question/Abnormal%20LCD%20Panel_Zainul%20Muttaqin.jpg","id":"01D6UVHSNJLL5DGMJ2YJFJBRKPCZDABKRS","type":null,"size":60358,"referenceId":"01D6UVHSOX5DG5RX522VGYFCV365U3UBU3","driveId":"b!7qg8FsnQY0iiT36_x6Novv_3J9v4MtxPsytkCbb-ZPz3ScQFcxKeSqI2jw7AAtnZ","status":1,"uploadSessionUrl":null}] | U19: https://epsongroup-my.sharepoint.com/personal/brian_ramdhani_epson_co_id/Documents/Apps/Microsoft%20Forms/TAKATSU%20ANALYZE%20REPORT/Question/Abnormal%20LCD%20Panel_Zainul%20Muttaqin.jpg | V19: TohOXcnnhk6KybuE1l-0YsgAJOu6 | AJ19: FFC connection to board peeled off | AM19: Change FFC peeled of by OPR on SA - Reminding OPR SA, must be follow checkpoint on SWP | AN19: Zainul Muttaqin
A20: AR241212080917 | C20: 45638 | E20: Takatsu-4 Autocutter | H20: =VLOOKUP(Table1[[#This Row],[Official_Defect_Name]],Sheet2!$A:$F,2,FALSE) -> TKSAL-007 | I20: CSIC Check NG | K20: CSIC Check NG | L20: =VLOOKUP(Table1[[#This Row],[Official_Defect_Name]],Table3[#All],6,1) -> #N/A | M20: Operator | N20: STG INTERNAL | R20: Saat proses power on | V20: yseZav0jekaV_wR25gN_1sgADKaH
A21: AR241216032702 | C21: 45642 | E21: Takatsu-4 Autocutter | H21: =VLOOKUP(Table1[[#This Row],[Official_Defect_Name]],Sheet2!$A:$F,2,FALSE) -> TKSAL-010 | I21: DO | K21: DO | L21: =VLOOKUP(Table1[[#This Row],[Official_Defect_Name]],Table3[#All],6,1) -> Critical | M21: Operator | N21: PRINTING | R21: Jig 01 | S21: During Initial Charge Found Dot Omission | T21: [{"name":"DO 17 Dec 24_Nazar Bagus H..png","link":"https://epsongroup-my.sharepoint.com/personal/brian_ramdhani_epson_co_id/Documents/Apps/Microsoft%20Forms/TAKATSU%20ANALYZE%20REPORT/Question/DO%2017%20Dec%2024_Nazar%20Bagus%20H..png","id":"01D6UVHSLLXBNGQZS3D5A3LFMANB5VZNJ3","type":null,"size":2957802,"referenceId":"01D6UVHSOX5DG5RX522VGYFCV365U3UBU3","driveId":"b!7qg8FsnQY0iiT36_x6Novv_3J9v4MtxPsytkCbb-ZPz3ScQFcxKeSqI2jw7AAtnZ","status":1,"uploadSessionUrl":null}] | U21: https://epsongroup-my.sharepoint.com/personal/brian_ramdhani_epson_co_id/Documents/Apps/Microsoft%20Forms/TAKATSU%20ANALYZE%20REPORT/Question/DO%2017%20Dec%2024_Nazar%20Bagus%20H..png | V21: Ln3jCsAQo0OUyMukF-cvJ8gAHcH4 | AJ21: Possibility Electrical Inside PH NG | AM21: Change Print Head in Line (Keep PH for analyze) | AN21: Nazar Bagus H.
A22: AR241216041826 | C22: 45642 | E22: Takatsu-8 Autocutter | H22: =VLOOKUP(Table1[[#This Row],[Official_Defect_Name]],Sheet2!$A:$F,2,FALSE) -> TKSAL-027 | I22: Unstable Printing | K22: Unstable Printing | L22: =VLOOKUP(Table1[[#This Row],[Official_Defect_Name]],Table3[#All],6,1) -> Low | M22: Operator | N22: PRINTING | R22: Jig 06 | S22: During Initial Charge Found Unstable Printing | T22: [{"name":"DMAV_Nazar Bagus H. 1.jpg","link":"https://epsongroup-my.sharepoint.com/personal/brian_ramdhani_epson_co_id/Documents/Apps/Microsoft%20Forms/TAKATSU%20ANALYZE%20REPORT/Question/DMAV_Nazar%20Bagus%20H.%201.jpg","id":"01D6UVHSKQVI3KDSWYCBELLYMQT2IW5GMO","type":null,"size":52376,"referenceId":"01D6UVHSOX5DG5RX522VGYFCV365U3UBU3","driveId":"b!7qg8FsnQY0iiT36_x6Novv_3J9v4MtxPsytkCbb-ZPz3ScQFcxKeSqI2jw7AAtnZ","status":1,"uploadSessionUrl":null}] | U22: https://epsongroup-my.sharepoint.com/personal/brian_ramdhani_epson_co_id/Documents/Apps/Microsoft%20Forms/TAKATSU%20ANALYZE%20REPORT/Question/DMAV_Nazar%20Bagus%20H.%201.jpg | V22: fkOre-DHP0yElkythoegLcgAEB6t | AJ22: Possibility any F/M on Print Head | AM22: Wiping PH in Line OK | AN22: Nazar Bagus H.
A23: AR241216054107 | C23: 45642 | E23: Takatsu-8 Autocutter | H23: =VLOOKUP(Table1[[#This Row],[Official_Defect_Name]],Sheet2!$A:$F,2,FALSE) -> TKSAL-001 | I23: Abnormal CR Movement | K23: Abnormal CR Movement | L23: =VLOOKUP(Table1[[#This Row],[Official_Defect_Name]],Table3[#All],6,1) -> #N/A | M23: Operator | N23: STG PG | R23: Saat power on | S23: When power On at PG stage, find Carriage Movement abnormal. Move Home to Away faster | T23: [{"name":"20241216_175552_Rio Rizki Khanigia.jpg","link":"https://epsongroup-my.sharepoint.com/personal/brian_ramdhani_epson_co_id/Documents/Apps/Microsoft%20Forms/TAKATSU%20ANALYZE%20REPORT/Question/20241216_175552_Rio%20Rizki%20Khanigia.jpg","id":"01D6UVHSJ5WIBBWSSXGZFLJD2G7LDITH4Y","type":null,"size":3547694,"referenceId":"01D6UVHSOX5DG5RX522VGYFCV365U3UBU3","driveId":"b!7qg8FsnQY0iiT36_x6Novv_3J9v4MtxPsytkCbb-ZPz3ScQFcxKeSqI2jw7AAtnZ","status":1,"uploadSessionUrl":null}] | U23: https://epsongroup-my.sharepoint.com/personal/brian_ramdhani_epson_co_id/Documents/Apps/Microsoft%20Forms/TAKATSU%20ANALYZE%20REPORT/Question/20241216_175552_Rio%20Rizki%20Khanigia.jpg | V23: tv8jNjaEf0y9Eq5u6TVKqsgAE3SM | AJ23: Possibility when Serial number not create to ROM during initial setting at Internal stage | AM23: Re-initial setting at PG Stage. after OK, back to Internal stage to re-inspection process. | AN23: Rio Rizki Khanigia
A24: AR241216073519 | C24: 45642 | E24: Takatsu-8 Autocutter | H24: =VLOOKUP(Table1[[#This Row],[Official_Defect_Name]],Sheet2!$A:$F,2,FALSE) -> TKSAL-012 | I24: Ink Drop | K24: Ink Drop | L24: =VLOOKUP(Table1[[#This Row],[Official_Defect_Name]],Table3[#All],6,1) -> Low | M24: Operator | N24: SRG PRINTING | R24: Saat proses miss piping (ada suara noise) | S24: Ink Drop during Miss Piping Check at Stage Printing | T24: [{"name":"Tube Pinch_Nazar Bagus H..jpg","link":"https://epsongroup-my.sharepoint.com/personal/brian_ramdhani_epson_co_id/Documents/Apps/Microsoft%20Forms/TAKATSU%20ANALYZE%20REPORT/Question/Tube%20Pinch_Nazar%20Bagus%20H..jpg","id":"01D6UVHSOBEODUYACEZJH2TJ6F4EKAWWKS","type":null,"size":70867,"referenceId":"01D6UVHSOX5DG5RX522VGYFCV365U3UBU3","driveId":"b!7qg8FsnQY0iiT36_x6Novv_3J9v4MtxPsytkCbb-ZPz3ScQFcxKeSqI2jw7AAtnZ","status":1,"uploadSessionUrl":null}] | U24: https://epsongroup-my.sharepoint.com/personal/brian_ramdhani_epson_co_id/Documents/Apps/Microsoft%20Forms/TAKATSU%20ANALYZE%20REPORT/Question/Tube%20Pinch_Nazar%20Bagus%20H..jpg | V24: Y30NrvnvqU-eyM5JGwjWNMgALEpu | AJ24: Tube JIG Maintenance Box Pinched | AM24: Total Disassembly and Total Cleaning by Production --> Remind Operator to always check JIG and tube condition before insert into Product. | AN24: Nazar Bagus H.
A25: AR241217102245 | C25: 45643 | E25: Takatsu-8 Autocutter | H25: =VLOOKUP(Table1[[#This Row],[Official_Defect_Name]],Sheet2!$A:$F,2,FALSE) -> TKSAL-025 | I25: Shutter Check Noise | K25: Shutter Check Noise | L25: =VLOOKUP(Table1[[#This Row],[Official_Defect_Name]],Table3[#All],6,1) -> Low | M25: Operator | N25: PG | R25: Saat proses shutter check | S25: During Shutter Check Heard tik tik Noise | T25: [{"name":"noise shutter check, less grease_Nazar Bagus H..png","link":"https://epsongroup-my.sharepoint.com/personal/brian_ramdhani_epson_co_id/Documents/Apps/Microsoft%20Forms/TAKATSU%20ANALYZE%20REPORT/Question/noise%20shutter%20check,%20less%20grease_Nazar%20Bagus%20H..png","id":"01D6UVHSIGQ4CP27U5BJCZK6KRCGDSTXHB","type":null,"size":2685785,"referenceId":"01D6UVHSOX5DG5RX522VGYFCV365U3UBU3","driveId":"b!7qg8FsnQY0iiT36_x6Novv_3J9v4MtxPsytkCbb-ZPz3ScQFcxKeSqI2jw7AAtnZ","status":1,"uploadSessionUrl":null}] | U25: https://epsongroup-my.sharepoint.com/personal/brian_ramdhani_epson_co_id/Documents/Apps/Microsoft%20Forms/TAKATSU%20ANALYZE%20REPORT/Question/noise%20shutter%20check,%20less%20grease_Nazar%20Bagus%20H..png | V25: XFFiHC-vm0mOF7UZ3xM6eMgAMrxx | AJ25: Less grease on shaft | AM25: Add grease on shaft and noise dissappear | AN25: Nazar Bagus H.
A26: AR241217114509 | C26: 45643 | E26: Takatsu-8 Autocutter | H26: =VLOOKUP(Table1[[#This Row],[Official_Defect_Name]],Sheet2!$A:$F,2,FALSE) -> TKSAL-004 | I26: Abnormal PGU Movement | K26: Abnormal PGU Movement | L26: =VLOOKUP(Table1[[#This Row],[Official_Defect_Name]],Table3[#All],6,1) -> #N/A | M26: Operator | N26: STG PH | R26: Seret saat buka tutup pgu | S26: During open-close PGU on PH stage, found hard to open-close | T26: [{"name":"PGU_Zainul Muttaqin.png","link":"https://epsongroup-my.sharepoint.com/personal/brian_ramdhani_epson_co_id/Documents/Apps/Microsoft%20Forms/TAKATSU%20ANALYZE%20REPORT/Question/PGU_Zainul%20Muttaqin.png","id":"01D6UVHSMYKXX5SCFUOFEYYC3ZQ2ZHWNLN","type":null,"size":227599,"referenceId":"01D6UVHSOX5DG5RX522VGYFCV365U3UBU3","driveId":"b!7qg8FsnQY0iiT36_x6Novv_3J9v4MtxPsytkCbb-ZPz3ScQFcxKeSqI2jw7AAtnZ","status":1,"uploadSessionUrl":null}] | U26: https://epsongroup-my.sharepoint.com/personal/brian_ramdhani_epson_co_id/Documents/Apps/Microsoft%20Forms/TAKATSU%20ANALYZE%20REPORT/Question/PGU_Zainul%20Muttaqin.png | V26: vQ_d1TW2GU2umgDs1ysbScgAIkkV | AJ26: Verification in line OK level | AM26: Verification in line OK level | AN26: Zainul Muttaqin
A27: AR241218034332 | C27: 45644 | E27: Takatsu-4 Autocutter | H27: =VLOOKUP(Table1[[#This Row],[Official_Defect_Name]],Sheet2!$A:$F,2,FALSE) -> TKSFE-001 | I27: Fatal Error 205602 | K27: Fatal Error 205602 | L27: =VLOOKUP(Table1[[#This Row],[Official_Defect_Name]],Table3[#All],6,1) -> High | M27: Operator | N27: PG | R27: Saat power on | S27: When Power On at PG Stage, LED ON then OFF and ON again with Error Information System Error 205602 | T27: [{"name":"20241218_160012_Rio Rizki Khanigia.jpg","link":"https://epsongroup-my.sharepoint.com/personal/brian_ramdhani_epson_co_id/Documents/Apps/Microsoft%20Forms/TAKATSU%20ANALYZE%20REPORT/Question/20241218_160012_Rio%20Rizki%20Khanigia.jpg","id":"01D6UVHSKGUDV6UPMORNFJBW5VUKWPC3YO","type":null,"size":2914404,"referenceId":"01D6UVHSOX5DG5RX522VGYFCV365U3UBU3","driveId":"b!7qg8FsnQY0iiT36_x6Novv_3J9v4MtxPsytkCbb-ZPz3ScQFcxKeSqI2jw7AAtnZ","status":1,"uploadSessionUrl":null}] | U27: https://epsongroup-my.sharepoint.com/personal/brian_ramdhani_epson_co_id/Documents/Apps/Microsoft%20Forms/TAKATSU%20ANALYZE%20REPORT/Question/20241218_160012_Rio%20Rizki%20Khanigia.jpg | V27: 7eCIcx8RwE-XdpgZz4nrlMgAAOes | AJ27: Possibility any bug in SD Card, because not any part to Change and Error code information follow to ROM data Saving | AM27: Delete SD Card Serial Number at Tool Menu, then Lock - unlock SD Card from CH77 Main. After that Initial setting at Setting 1 Menu become OK. Temporary monitoring this defect with continue production NG Product from before Stage MA 07 [Internal] | AN27: Rio Rizki Khanigia
A28: AR241218095015 | C28: 45644 | E28: Takatsu-4 Autocutter | H28: =VLOOKUP(Table1[[#This Row],[Official_Defect_Name]],Sheet2!$A:$F,2,FALSE) -> TKSAL-013 | I28: Ink End Sensor NG | K28: Ink End Sensor NG | L28: =VLOOKUP(Table1[[#This Row],[Official_Defect_Name]],Table3[#All],6,1) -> Low | M28: Operator | N28: INTERNAL | R28: Saat proses air leak | S28: When air Leak Check, find Error Information ID 1[10] Check Spring of Ink Holder Unit Error. Ink End Sensor Left NG | T28: [{"name":"20241218_103335_Rio Rizki Khanigia.jpg","link":"https://epsongroup-my.sharepoint.com/personal/brian_ramdhani_epson_co_id/Documents/Apps/Microsoft%20Forms/TAKATSU%20ANALYZE%20REPORT/Question/20241218_103335_Rio%20Rizki%20Khanigia.jpg","id":"01D6UVHSPY4EIZHHEYIJCLJWBXP4C5ILBL","type":null,"size":3013002,"referenceId":"01D6UVHSOX5DG5RX522VGYFCV365U3UBU3","driveId":"b!7qg8FsnQY0iiT36_x6Novv_3J9v4MtxPsytkCbb-ZPz3ScQFcxKeSqI2jw7AAtnZ","status":1,"uploadSessionUrl":null}] | U28: https://epsongroup-my.sharepoint.com/personal/brian_ramdhani_epson_co_id/Documents/Apps/Microsoft%20Forms/TAKATSU%20ANALYZE%20REPORT/Question/20241218_103335_Rio%20Rizki%20Khanigia.jpg | V28: Mm4KxVGtgEmyHJEzTQnv8sgAHHjy | AJ28: Arrangement Harnes AC not Good. [Any 4M man power at MA 06] | AM28: Additional check arrangement harness AC at next stage [MA 07 - Internal Stage] and Re-training OP MA 06 | AN28: Rio Rizki Khanigia
A29: AR241219083807 | C29: 45645 | E29: Takatsu-4 Autocutter | H29: =VLOOKUP(Table1[[#This Row],[Official_Defect_Name]],Sheet2!$A:$F,2,FALSE) -> TKSAL-022 | I29: Printing Noise | K29: Printing Noise | L29: =VLOOKUP(Table1[[#This Row],[Official_Defect_Name]],Table3[#All],6,1) -> Low | M29: Operator | N29: PRINTING | R29: Saat proses louding paper high gloos | S29: During Iinitialize loading paper High Gloss, found noise at Printing Stage | T29: [{"name":"Picture1_Zainul Muttaqin.png","link":"https://epsongroup-my.sharepoint.com/personal/brian_ramdhani_epson_co_id/Documents/Apps/Microsoft%20Forms/TAKATSU%20ANALYZE%20REPORT/Question/Picture1_Zainul%20Muttaqin.png","id":"01D6UVHSIP5BBNY7X47FDKM7NHOR2YMNUL","type":null,"size":120441,"referenceId":"01D6UVHSOX5DG5RX522VGYFCV365U3UBU3","driveId":"b!7qg8FsnQY0iiT36_x6Novv_3J9v4MtxPsytkCbb-ZPz3ScQFcxKeSqI2jw7AAtnZ","status":1,"uploadSessionUrl":null}] | U29: https://epsongroup-my.sharepoint.com/personal/brian_ramdhani_epson_co_id/Documents/Apps/Microsoft%20Forms/TAKATSU%20ANALYZE%20REPORT/Question/Picture1_Zainul%20Muttaqin.png | V29: Wx_4LijQ6kOl-70sW87hfcgAOZbP | AJ29: Retry initialize loading paper bocome OK permanenly 10/10 | AM29: Retry initialize loading paper bocome OK permanenly 10/10 | AN29: Zainul Muttaqin
A30: AR241219120619 | C30: 45645 | E30: Takatsu-4 Autocutter | H30: =VLOOKUP(Table1[[#This Row],[Official_Defect_Name]],Sheet2!$A:$F,2,FALSE) -> TKSAL-002 | I30: Abnormal Noise | K30: Abnormal Noise | L30: =VLOOKUP(Table1[[#This Row],[Official_Defect_Name]],Table3[#All],6,1) -> #N/A | M30: Operator | N30: STG SAFETY | R30: Saat buka tutup cover paper guide | S30: During external check open-close Cover Paper Unit, found noise [Tak-Tak] | T30: [{"name":"Picture3_Zainul Muttaqin.png","link":"https://epsongroup-my.sharepoint.com/personal/brian_ramdhani_epson_co_id/Documents/Apps/Microsoft%20Forms/TAKATSU%20ANALYZE%20REPORT/Question/Picture3_Zainul%20Muttaqin.png","id":"01D6UVHSNNJQXVMHU5QNHIRRKRXWJC53EL","type":null,"size":97885,"referenceId":"01D6UVHSOX5DG5RX522VGYFCV365U3UBU3","driveId":"b!7qg8FsnQY0iiT36_x6Novv_3J9v4MtxPsytkCbb-ZPz3ScQFcxKeSqI2jw7AAtnZ","status":1,"uploadSessionUrl":null}] | U30: https://epsongroup-my.sharepoint.com/personal/brian_ramdhani_epson_co_id/Documents/Apps/Microsoft%20Forms/TAKATSU%20ANALYZE%20REPORT/Question/Picture3_Zainul%20Muttaqin.png | V30: XnKZSbM9x0qI8yMW4bBxNMgAHOww | AJ30: Reassembly HOLDER,HINGE FIXED,FRONT become OK, possibility occured due to assembly problem | AM30: Review assembly related stage, continue monitoring this defect | AN30: Zainul Muttaqin
A31: AR241220090330 | C31: 45646 | E31: Takatsu-4 Autocutter | H31: =VLOOKUP(Table1[[#This Row],[Official_Defect_Name]],Sheet2!$A:$F,2,FALSE) -> TKSAL-017 | I31: Paper Jam | K31: Paper Jam | L31: =VLOOKUP(Table1[[#This Row],[Official_Defect_Name]],Table3[#All],6,1) -> Low | M31: Operator | N31: PRINTING | R31: Saat proses calibrasi | S31: During calibration process using APMP Paper, found Paper Jam | T31: [{"name":"Paper Jam1_Zainul Muttaqin.jpg","link":"https://epsongroup-my.sharepoint.com/personal/brian_ramdhani_epson_co_id/Documents/Apps/Microsoft%20Forms/TAKATSU%20ANALYZE%20REPORT/Question/Paper%20Jam1_Zainul%20Muttaqin.jpg","id":"01D6UVHSJ4ZDDUHTFLW5AZA7G7PMHTNX56","type":null,"size":136918,"referenceId":"01D6UVHSOX5DG5RX522VGYFCV365U3UBU3","driveId":"b!7qg8FsnQY0iiT36_x6Novv_3J9v4MtxPsytkCbb-ZPz3ScQFcxKeSqI2jw7AAtnZ","status":1,"uploadSessionUrl":null}] | U31: https://epsongroup-my.sharepoint.com/personal/brian_ramdhani_epson_co_id/Documents/Apps/Microsoft%20Forms/TAKATSU%20ANALYZE%20REPORT/Question/Paper%20Jam1_Zainul%20Muttaqin.jpg | V31: ZCuAS7HOckyG8OCYCF00IsgAMWi0 | AJ31: OPR pressing leaf spring during assembly to FRAME PF R and FRAME PF L | AM31: 1. Retraining and reminding OPR so as not to add to the pressing process during assembly leaf spring, 2. OPR must be follow ALO how to calibration process with APMP Paper | AN31: Zainul Muttaqin
A32: AR241223033156 | C32: 45649 | E32: Takatsu-4 Autocutter | H32: =VLOOKUP(Table1[[#This Row],[Official_Defect_Name]],Sheet2!$A:$F,2,FALSE) -> TKSAL-009 | I32: DMAV | K32: DMAV | L32: =VLOOKUP(Table1[[#This Row],[Official_Defect_Name]],Table3[#All],6,1) -> Severity | M32: Operator | N32: PRINTING | R32: Jig 02 | S32: During nozzle check at Printing Stage, found DMAV [F1,180] | T32: [{"name":"20241224_085753_Zainul Muttaqin.jpg","link":"https://epsongroup-my.sharepoint.com/personal/brian_ramdhani_epson_co_id/Documents/Apps/Microsoft%20Forms/TAKATSU%20ANALYZE%20REPORT/Question/20241224_085753_Zainul%20Muttaqin.jpg","id":"01D6UVHSJGVVC3XN267FBYWPXD4SGCGQPO","type":null,"size":2149299,"referenceId":"01D6UVHSOX5DG5RX522VGYFCV365U3UBU3","driveId":"b!7qg8FsnQY0iiT36_x6Novv_3J9v4MtxPsytkCbb-ZPz3ScQFcxKeSqI2jw7AAtnZ","status":1,"uploadSessionUrl":null}] | U32: https://epsongroup-my.sharepoint.com/personal/brian_ramdhani_epson_co_id/Documents/Apps/Microsoft%20Forms/TAKATSU%20ANALYZE%20REPORT/Question/20241224_085753_Zainul%20Muttaqin.jpg | V32: 6GSHTCRXzEi5WQghffBpJ8gAJv4H | AJ32: Still Analyze | AM32: To be continue wiping and cleaning | AN32: Zainul Muttaqin
... A35: AR250102010320 | C35: 45659 | E35: Takatsu-8 Autocutter | H35: =VLOOKUP(Table1[[#This Row],[Official_Defect_Name]],Sheet2!$A:$F,2,FALSE) -> TKSAL-025 | I35: Shutter Check Noise | K35: Shutter Check Noise | L35: =VLOOKUP(Table1[[#This Row],[Official_Defect_Name]],Table3[#All],6,1) -> Low | M35: Operator | N35: PG | R35: Noise saat proses shutter cek | S35: During shutter check inspection at PG stage, found noise (Judgement by OPR) | T35: [{"name":"Shutter check noise_Zainul Muttaqin.png","link":"https://epsongroup-my.sharepoint.com/personal/brian_ramdhani_epson_co_id/Documents/Apps/Microsoft%20Forms/TAKATSU%20ANALYZE%20REPORT/Question/Shutter%20check%20noise_Zainul%20Muttaqin.png","id":"01D6UVHSI2K37B4SUMGFALLARG5WR4PNTO","type":null,"size":170890,"referenceId":"01D6UVHSOX5DG5RX522VGYFCV365U3UBU3","driveId":"b!7qg8FsnQY0iiT36_x6Novv_3J9v4MtxPsytkCbb-ZPz3ScQFcxKeSqI2jw7AAtnZ","status":1,"uploadSessionUrl":null}] | U35: https://epsongroup-my.sharepoint.com/personal/brian_ramdhani_epson_co_id/Documents/Apps/Microsoft%20Forms/TAKATSU%20ANALYZE%20REPORT/Question/Shutter%20check%20noise_Zainul%20Muttaqin.png | V35: ZkYwdsffR0yjw2fYc3qb98gAHBKk | AJ35: Retry in line OK, over judgement | AM35: Retry in line OK, over judgement | AN35: Zainul Muttaqin
A36: AR250102103216 | C36: 45659 | E36: Takatsu-8 Autocutter | H36: =VLOOKUP(Table1[[#This Row],[Official_Defect_Name]],Sheet2!$A:$F,2,FALSE) -> TKSAL-025 | I36: Shutter Check Noise | K36: Shutter Check Noise | L36: =VLOOKUP(Table1[[#This Row],[Official_Defect_Name]],Table3[#All],6,1) -> Low | M36: Operator | N36: STG PG | R36: Saat proses shutter cek | V36: 67fzNfu62EmQq9_ACR5aB8gAM7jK
A37: AR250103010659 | C37: 45660 | E37: Takatsu-8 Peeler | H37: =VLOOKUP(Table1[[#This Row],[Official_Defect_Name]],Sheet2!$A:$F,2,FALSE) -> TKSAL-009 | I37: DMAV | K37: DMAV | L37: =VLOOKUP(Table1[[#This Row],[Official_Defect_Name]],Table3[#All],6,1) -> Severity | M37: Operator | N37: PRINTING | R37: Jig 07 | S37: DMAV | T37: [{"name":"DMAV 3 jan_Nazar Bagus H..jpg","link":"https://epsongroup-my.sharepoint.com/personal/brian_ramdhani_epson_co_id/Documents/Apps/Microsoft%20Forms/TAKATSU%20ANALYZE%20REPORT/Question/DMAV%203%20jan_Nazar%20Bagus%20H..jpg","id":"01D6UVHSN5LVJYTXL5ZRHLBIH4IVBUTZC5","type":null,"size":55728,"referenceId":"01D6UVHSOX5DG5RX522VGYFCV365U3UBU3","driveId":"b!7qg8FsnQY0iiT36_x6Novv_3J9v4MtxPsytkCbb-ZPz3ScQFcxKeSqI2jw7AAtnZ","status":1,"uploadSessionUrl":null}] | U37: https://epsongroup-my.sharepoint.com/personal/brian_ramdhani_epson_co_id/Documents/Apps/Microsoft%20Forms/TAKATSU%20ANALYZE%20REPORT/Question/DMAV%203%20jan_Nazar%20Bagus%20H..jpg | V37: r8ym3dZfDk63fG9AsDGHp8gALbtn | AJ37: Possibility any foreign material on surface PH | AM37: Wiping PH can recovery | AN37: Nazar Bagus H.
A38: AR250103104018 | C38: 45660 | E38: Takatsu-8 Autocutter | H38: =VLOOKUP(Table1[[#This Row],[Official_Defect_Name]],Sheet2!$A:$F,2,FALSE) -> TKSAL-010 | I38: DO | K38: DO | L38: =VLOOKUP(Table1[[#This Row],[Official_Defect_Name]],Table3[#All],6,1) -> Critical | M38: Operator | N38: PRINTING | R38: Jig 02 | V38: OZi668R6FEWwH-Al0OwIJ8gAL5e7
A39: AR250109014020 | C39: 45666 | E39: Takatsu-8 Autocutter | H39: =VLOOKUP(Table1[[#This Row],[Official_Defect_Name]],Sheet2!$A:$F,2,FALSE) -> TKSAL-025 | I39: Shutter Check Noise | K39: Shutter Check Noise | L39: =VLOOKUP(Table1[[#This Row],[Official_Defect_Name]],Table3[#All],6,1) -> Low | M39: Operator | N39: PG | R39: Saat proses shutter cek | S39: During Shutter check any small noise | T39: [{"name":"False Reject_Nazar Bagus H..PNG","link":"https://epsongroup-my.sharepoint.com/personal/brian_ramdhani_epson_co_id/Documents/Apps/Microsoft%20Forms/TAKATSU%20ANALYZE%20REPORT/Question/False%20Reject_Nazar%20Bagus%20H..PNG","id":"01D6UVHSNGIEMFSJ3H7NH2XUVOTXAICOBF","type":null,"size":1313,"referenceId":"01D6UVHSOX5DG5RX522VGYFCV365U3UBU3","driveId":"b!7qg8FsnQY0iiT36_x6Novv_3J9v4MtxPsytkCbb-ZPz3ScQFcxKeSqI2jw7AAtnZ","status":1,"uploadSessionUrl":null}] | U39: https://epsongroup-my.sharepoint.com/personal/brian_ramdhani_epson_co_id/Documents/Apps/Microsoft%20Forms/TAKATSU%20ANALYZE%20REPORT/Question/False%20Reject_Nazar%20Bagus%20H..PNG | V39: bAbiyrmbzUSzQGwDUxjj3sgALzR9 | AJ39: Not NG | AM39: Continue Inspection | AN39: Nazar Bagus H.
A40: AR250109014242 | C40: 45666 | E40: Takatsu-8 Autocutter | H40: =VLOOKUP(Table1[[#This Row],[Official_Defect_Name]],Sheet2!$A:$F,2,FALSE) -> TKSAL-004 | I40: Abnormal PGU Movement | K40: Abnormal PGU Movement | L40: =VLOOKUP(Table1[[#This Row],[Official_Defect_Name]],Table3[#All],6,1) -> #N/A | M40: Operator | N40: STG PH 2 | R40: - | S40: PGU seret sedikit, tidak separah yang kemarin | T40: [{"name":"False Reject_Nazar Bagus H. 1.PNG","link":"https://epsongroup-my.sharepoint.com/personal/brian_ramdhani_epson_co_id/Documents/Apps/Microsoft%20Forms/TAKATSU%20ANALYZE%20REPORT/Question/False%20Reject_Nazar%20Bagus%20H.%201.PNG","id":"01D6UVHSN7TFOGML7NBJHZJQZD7M4GKFFC","type":null,"size":1313,"referenceId":"01D6UVHSOX5DG5RX522VGYFCV365U3UBU3","driveId":"b!7qg8FsnQY0iiT36_x6Novv_3J9v4MtxPsytkCbb-ZPz3ScQFcxKeSqI2jw7AAtnZ","status":1,"uploadSessionUrl":null}] | U40: https://epsongroup-my.sharepoint.com/personal/brian_ramdhani_epson_co_id/Documents/Apps/Microsoft%20Forms/TAKATSU%20ANALYZE%20REPORT/Question/False%20Reject_Nazar%20Bagus%20H.%201.PNG | V40: tPxO08RSCUie_kYQtiEZZ8gAJ9BP | AJ40: Frame Base | AM40: Addition Lumirar di JIG Frame Base | AN40: Nazar Bagus H.
A41: AR250110015639 | C41: 45667 | E41: Takatsu-4 Autocutter | H41: =VLOOKUP(Table1[[#This Row],[Official_Defect_Name]],Sheet2!$A:$F,2,FALSE) -> TKSAL-007 | I41: CSIC Check NG | K41: CSIC Check NG | L41: =VLOOKUP(Table1[[#This Row],[Official_Defect_Name]],Table3[#All],6,1) -> #N/A | M41: Operator | N41: PG | R41: Saat proses power on | S41: During initial power ON product, panel shown [MTC Box not installed] | T41: [{"name":"FFC MTC Tear_Zainul Muttaqin.png","link":"https://epsongroup-my.sharepoint.com/personal/brian_ramdhani_epson_co_id/Documents/Apps/Microsoft%20Forms/TAKATSU%20ANALYZE%20REPORT/Question/FFC%20MTC%20Tear_Zainul%20Muttaqin.png","id":"01D6UVHSM3YQX5DL4JKBAJ7M25THKT2GE5","type":null,"size":617652,"referenceId":"01D6UVHSOX5DG5RX522VGYFCV365U3UBU3","driveId":"b!7qg8FsnQY0iiT36_x6Novv_3J9v4MtxPsytkCbb-ZPz3ScQFcxKeSqI2jw7AAtnZ","status":1,"uploadSessionUrl":null}] | U41: https://epsongroup-my.sharepoint.com/personal/brian_ramdhani_epson_co_id/Documents/Apps/Microsoft%20Forms/TAKATSU%20ANALYZE%20REPORT/Question/FFC%20MTC%20Tear_Zainul%20Muttaqin.png | V41: L3Zw2lCl6UWUxgccMUMUk8gACx5m | AJ41: FFC holder MTC Box was tear occured due to assembly by OPR | AM41: Reminding and retraining OPR, must follow checkpoint on SWP during assembly FFC | AN41: Zainul Muttaqin
A42: AR250110031035 | C42: 45667 | E42: Takatsu-8 Autocutter | H42: =VLOOKUP(Table1[[#This Row],[Official_Defect_Name]],Sheet2!$A:$F,2,FALSE) -> TKSAL-018 | I42: Peeler Measurement NG | K42: Peeler Measurement NG | L42: =VLOOKUP(Table1[[#This Row],[Official_Defect_Name]],Table3[#All],6,1) -> Low | M42: Operator | N42: PG | R42: Saat proses peeler measurment | S42: During peeler measurement check, found the current results below standard | T42: [{"name":"Peeler Measurement NG_Zainul Muttaqin.png","link":"https://epsongroup-my.sharepoint.com/personal/brian_ramdhani_epson_co_id/Documents/Apps/Microsoft%20Forms/TAKATSU%20ANALYZE%20REPORT/Question/Peeler%20Measurement%20NG_Zainul%20Muttaqin.png","id":"01D6UVHSIMZCTOHUQMDNC3YTQXGUOQMTDQ","type":null,"size":266538,"referenceId":"01D6UVHSOX5DG5RX522VGYFCV365U3UBU3","driveId":"b!7qg8FsnQY0iiT36_x6Novv_3J9v4MtxPsytkCbb-ZPz3ScQFcxKeSqI2jw7AAtnZ","status":1,"uploadSessionUrl":null}] | U42: https://epsongroup-my.sharepoint.com/personal/brian_ramdhani_epson_co_id/Documents/Apps/Microsoft%20Forms/TAKATSU%20ANALYZE%20REPORT/Question/Peeler%20Measurement%20NG_Zainul%20Muttaqin.png | V42: 6vs-HQIzJk6vUILBomOeTsgACmvC | AJ42: Belt tension too loose adjustment by OPR | AM42: Re-adjustment belt tension by OPR become OK | AN42: Zainul Muttaqin
A43: AR250110101756 | C43: 45667 | E43: Takatsu-8 Peeler | H43: =VLOOKUP(Table1[[#This Row],[Official_Defect_Name]],Sheet2!$A:$F,2,FALSE) -> TKSAL-022 | I43: Printing Noise | K43: Printing Noise | L43: =VLOOKUP(Table1[[#This Row],[Official_Defect_Name]],Table3[#All],6,1) -> Low | M43: Operator | N43: PRINTING | R43: Saat proses inkcharge | S43: During ink charge in Printing Stage, found Noise on MNU area (Judgement by OPR) | T43: [{"name":"MNU Noise_Zainul Muttaqin.png","link":"https://epsongroup-my.sharepoint.com/personal/brian_ramdhani_epson_co_id/Documents/Apps/Microsoft%20Forms/TAKATSU%20ANALYZE%20REPORT/Question/MNU%20Noise_Zainul%20Muttaqin.png","id":"01D6UVHSLNC4RLCLRTDJGYHG64HNDDG442","type":null,"size":265572,"referenceId":"01D6UVHSOX5DG5RX522VGYFCV365U3UBU3","driveId":"b!7qg8FsnQY0iiT36_x6Novv_3J9v4MtxPsytkCbb-ZPz3ScQFcxKeSqI2jw7AAtnZ","status":1,"uploadSessionUrl":null}] | U43: https://epsongroup-my.sharepoint.com/personal/brian_ramdhani_epson_co_id/Documents/Apps/Microsoft%20Forms/TAKATSU%20ANALYZE%20REPORT/Question/MNU%20Noise_Zainul%20Muttaqin.png | V43: zyg3OwDulEio8kzMTi-JwMgAFEcd | AJ43: Over judgement, OK retry in line | AM43: Over judgement, OK retry in line | AN43: Zainul Muttaqin
A44: AR250113073224 | C44: 45670 | E44: Takatsu-4 Autocutter | H44: =VLOOKUP(Table1[[#This Row],[Official_Defect_Name]],Sheet2!$A:$F,2,FALSE) -> TKSAL-011 | I44: Initial Setting NG | K44: Initial Setting NG | L44: =VLOOKUP(Table1[[#This Row],[Official_Defect_Name]],Table3[#All],6,1) -> Low | M44: Operator | N44: PG | R44: saat proses airleak | S44: During initialize product at Internal Stage, panel shown wait paper remove | T44: [{"name":"Wait paper remove_Zainul Muttaqin.png","link":"https://epsongroup-my.sharepoint.com/personal/brian_ramdhani_epson_co_id/Documents/Apps/Microsoft%20Forms/TAKATSU%20ANALYZE%20REPORT/Question/Wait%20paper%20remove_Zainul%20Muttaqin.png","id":"01D6UVHSMYF2OXMZHFSJAKQJXW6KK7NID2","type":null,"size":625769,"referenceId":"01D6UVHSOX5DG5RX522VGYFCV365U3UBU3","driveId":"b!7qg8FsnQY0iiT36_x6Novv_3J9v4MtxPsytkCbb-ZPz3ScQFcxKeSqI2jw7AAtnZ","status":1,"uploadSessionUrl":null}] | U44: https://epsongroup-my.sharepoint.com/personal/brian_ramdhani_epson_co_id/Documents/Apps/Microsoft%20Forms/TAKATSU%20ANALYZE%20REPORT/Question/Wait%20paper%20remove_Zainul%20Muttaqin.png | V44: cxhKaJBM40OzLSAKF0m52cgAJ98i | AJ44: Harness connection pinched during assembly by OPR | AM44: Reminding and retraining OPR must be follow all checkpoint on SWP | AN44: Zainul Muttaqin
A45: AR250114074237 | C45: 45671 | E45: Takatsu-8 Autocutter | H45: =VLOOKUP(Table1[[#This Row],[Official_Defect_Name]],Sheet2!$A:$F,2,FALSE) -> TKSAL-004 | I45: Abnormal PGU Movement | K45: Abnormal PGU Movement | L45: =VLOOKUP(Table1[[#This Row],[Official_Defect_Name]],Table3[#All],6,1) -> #N/A | M45: Operator | N45: PRINT HEAD | R45: Stil analiza | S45: During open-close PGU Unit at PH stage, found PGU stuck/drag | T45: [{"name":"PGU_Zainul Muttaqin 2.png","link":"https://epsongroup-my.sharepoint.com/personal/brian_ramdhani_epson_co_id/Documents/Apps/Microsoft%20Forms/TAKATSU%20ANALYZE%20REPORT/Question/PGU_Zainul%20Muttaqin%202.png","id":"01D6UVHSIVPX3H7DP6SZHJ5FDKWV4ECSAF","type":null,"size":227599,"referenceId":"01D6UVHSOX5DG5RX522VGYFCV365U3UBU3","driveId":"b!7qg8FsnQY0iiT36_x6Novv_3J9v4MtxPsytkCbb-ZPz3ScQFcxKeSqI2jw7AAtnZ","status":1,"uploadSessionUrl":null}] | U45: https://epsongroup-my.sharepoint.com/personal/brian_ramdhani_epson_co_id/Documents/Apps/Microsoft%20Forms/TAKATSU%20ANALYZE%20REPORT/Question/PGU_Zainul%20Muttaqin%202.png | V45: D3Vt_-tVIUy4drrUp5kf_8gAA4Cj | AJ45: Still analyze | AM45: Add checkpoint frame base fit with jig and request measurement part frame base to IQC | AN45: Zainul Muttaqin
A46: AR250114104234 | C46: 45671 | E46: Takatsu-8 Autocutter | H46: =VLOOKUP(Table1[[#This Row],[Official_Defect_Name]],Sheet2!$A:$F,2,FALSE) -> TKSAL-004 | I46: Abnormal PGU Movement | K46: Abnormal PGU Movement | L46: =VLOOKUP(Table1[[#This Row],[Official_Defect_Name]],Table3[#All],6,1) -> #N/A | M46: Operator | N46: PRINT HEAD | R46: Still analize | S46: During open-close PGU Unit at PH stage, found PGU stuck/drag | T46: [{"name":"PGU_Zainul Muttaqin 1.png","link":"https://epsongroup-my.sharepoint.com/personal/brian_ramdhani_epson_co_id/Documents/Apps/Microsoft%20Forms/TAKATSU%20ANALYZE%20REPORT/Question/PGU_Zainul%20Muttaqin%201.png","id":"01D6UVHSID2SDJ3UQBWVDJMT3LW3BVC2LR","type":null,"size":227599,"referenceId":"01D6UVHSOX5DG5RX522VGYFCV365U3UBU3","driveId":"b!7qg8FsnQY0iiT36_x6Novv_3J9v4MtxPsytkCbb-ZPz3ScQFcxKeSqI2jw7AAtnZ","status":1,"uploadSessionUrl":null}] | U46: https://epsongroup-my.sharepoint.com/personal/brian_ramdhani_epson_co_id/Documents/Apps/Microsoft%20Forms/TAKATSU%20ANALYZE%20REPORT/Question/PGU_Zainul%20Muttaqin%201.png | V46: Bgxg99W6-U6EelwZjOLjt8gANG_6 | AJ46: Still analyze | AM46: Add checkpoint frame base fit with jig and request measurement part frame base to IQC | AN46: Zainul Muttaqin
A47: AR250115091849 | C47: 45672 | E47: Takatsu-8 Autocutter | H47: =VLOOKUP(Table1[[#This Row],[Official_Defect_Name]],Sheet2!$A:$F,2,FALSE) -> TKSAL-026 | I47: Smear Print | K47: Smear Print | L47: =VLOOKUP(Table1[[#This Row],[Official_Defect_Name]],Table3[#All],6,1) -> Low | M47: Operator | N47: PRINTING | R47: Jig 02 (saat proses print cek 4) | S47: When Print Check 4 at printing stage, find SMEAR Print | T47: [{"name":"SMEAR PRINT_Rio Rizki Khanigia.jpg","link":"https://epsongroup-my.sharepoint.com/personal/brian_ramdhani_epson_co_id/Documents/Apps/Microsoft%20Forms/TAKATSU%20ANALYZE%20REPORT/Question/SMEAR%20PRINT_Rio%20Rizki%20Khanigia.jpg","id":"01D6UVHSMTM46N4PTR75HIEHYKJATHRXQ3","type":null,"size":60169,"referenceId":"01D6UVHSOX5DG5RX522VGYFCV365U3UBU3","driveId":"b!7qg8FsnQY0iiT36_x6Novv_3J9v4MtxPsytkCbb-ZPz3ScQFcxKeSqI2jw7AAtnZ","status":1,"uploadSessionUrl":null}] | U47: https://epsongroup-my.sharepoint.com/personal/brian_ramdhani_epson_co_id/Documents/Apps/Microsoft%20Forms/TAKATSU%20ANALYZE%20REPORT/Question/SMEAR%20PRINT_Rio%20Rizki%20Khanigia.jpg | V47: Nq2aIT0YL0KBikYg59JTdMgADt6i | AJ47: Effect Treatment PGU Seret make position PGU not stable. | AM47: Change Paper Guide Unit, and positioning Frame Base. | AN47: Rio Rizki Khanigia
A48: AR250116082615 | C48: 45673 | E48: Takatsu-8 Autocutter | H48: =VLOOKUP(Table1[[#This Row],[Official_Defect_Name]],Sheet2!$A:$F,2,FALSE) -> TKSAL-004 | I48: Abnormal PGU Movement | K48: Abnormal PGU Movement | L48: =VLOOKUP(Table1[[#This Row],[Official_Defect_Name]],Table3[#All],6,1) -> #N/A | M48: Operator | N48: PH 2 | R48: - | S48: During OPR open - close PGU Unit in PH Stage, found hard to open - close [Judgement, OPR]. | T48: [{"name":"PGU Seret_Zainul Muttaqin.jpg","link":"https://epsongroup-my.sharepoint.com/personal/brian_ramdhani_epson_co_id/Documents/Apps/Microsoft%20Forms/TAKATSU%20ANALYZE%20REPORT/Question/PGU%20Seret_Zainul%20Muttaqin.jpg","id":"01D6UVHSJGNESFRECFFNALHJW22ED4S43X","type":null,"size":127736,"referenceId":"01D6UVHSOX5DG5RX522VGYFCV365U3UBU3","driveId":"b!7qg8FsnQY0iiT36_x6Novv_3J9v4MtxPsytkCbb-ZPz3ScQFcxKeSqI2jw7AAtnZ","status":1,"uploadSessionUrl":null}] | U48: https://epsongroup-my.sharepoint.com/personal/brian_ramdhani_epson_co_id/Documents/Apps/Microsoft%20Forms/TAKATSU%20ANALYZE%20REPORT/Question/PGU%20Seret_Zainul%20Muttaqin.jpg | V48: NJgZFG9JIECF7Aa8tjZURsgAEIJR | AJ48: Retry in line OK, over judgement | AM48: Retry in line OK, over judgement | AN48: Zainul Muttaqin
A49: AR250116092544 | C49: 45673 | E49: Takatsu-8 Autocutter | H49: =VLOOKUP(Table1[[#This Row],[Official_Defect_Name]],Sheet2!$A:$F,2,FALSE) -> TKSAL-025 | I49: Shutter Check Noise | K49: Shutter Check Noise | L49: =VLOOKUP(Table1[[#This Row],[Official_Defect_Name]],Table3[#All],6,1) -> Low | M49: Operator | N49: PG | R49: Saat proses shutter cek | S49: During the printer was checking with menu shutter check, found noise on gear assy area | T49: [{"name":"Platen noise in gear assy area_Zainul Muttaqin.png","link":"https://epsongroup-my.sharepoint.com/personal/brian_ramdhani_epson_co_id/Documents/Apps/Microsoft%20Forms/TAKATSU%20ANALYZE%20REPORT/Question/Platen%20noise%20in%20gear%20assy%20area_Zainul%20Muttaqin.png","id":"01D6UVHSKLGWYL6PUAWVEZBKFLLPYQNNT7","type":null,"size":154693,"referenceId":"01D6UVHSOX5DG5RX522VGYFCV365U3UBU3","driveId":"b!7qg8FsnQY0iiT36_x6Novv_3J9v4MtxPsytkCbb-ZPz3ScQFcxKeSqI2jw7AAtnZ","status":1,"uploadSessionUrl":null}] | U49: https://epsongroup-my.sharepoint.com/personal/brian_ramdhani_epson_co_id/Documents/Apps/Microsoft%20Forms/TAKATSU%20ANALYZE%20REPORT/Question/Platen%20noise%20in%20gear%20assy%20area_Zainul%20Muttaqin.png | V49: SYY0IyZ_MUmrtsF6BRhTa8gAOr6b | AJ49: Retry in line OK | AM49: Retry in line OK | AN49: Zainul Muttaqin
A50: AR250116121011 | C50: 45673 | E50: Takatsu-8 Autocutter | H50: =VLOOKUP(Table1[[#This Row],[Official_Defect_Name]],Sheet2!$A:$F,2,FALSE) -> TKSAL-022 | I50: Printing Noise | K50: Printing Noise | L50: =VLOOKUP(Table1[[#This Row],[Official_Defect_Name]],Table3[#All],6,1) -> Low | M50: Operator | N50: PRINTING | R50: Saat calibrasi | S50: During the printer was checking with menu calibration in Printing, found noise with hard vibration | T50: [{"name":"Sentrifugal fan_Zainul Muttaqin.png","link":"https://epsongroup-my.sharepoint.com/personal/brian_ramdhani_epson_co_id/Documents/Apps/Microsoft%20Forms/TAKATSU%20ANALYZE%20REPORT/Question/Sentrifugal%20fan_Zainul%20Muttaqin.png","id":"01D6UVHSNG4U6PXSLXAREZUVYTVICJWNWN","type":null,"size":68043,"referenceId":"01D6UVHSOX5DG5RX522VGYFCV365U3UBU3","driveId":"b!7qg8FsnQY0iiT36_x6Novv_3J9v4MtxPsytkCbb-ZPz3ScQFcxKeSqI2jw7AAtnZ","status":1,"uploadSessionUrl":null}] | U50: https://epsongroup-my.sharepoint.com/personal/brian_ramdhani_epson_co_id/Documents/Apps/Microsoft%20Forms/TAKATSU%20ANALYZE%20REPORT/Question/Sentrifugal%20fan_Zainul%20Muttaqin.png | V50: HlfhWDoH3EuVyf-2D5l8NcgAJfcn | AJ50: Sentrifugal fan NG, have hard vibration | AM50: Change sentrifugal fan become OK, still analyze | AN50: Zainul Muttaqin
... A64: AR250205052130 | C64: 45693 | E64: Takatsu-8 Autocutter | H64: =VLOOKUP(Table1[[#This Row],[Official_Defect_Name]],Sheet2!$A:$F,2,FALSE) -> TKSAL-016 | I64: No Power | K64: No Power | L64: =VLOOKUP(Table1[[#This Row],[Official_Defect_Name]],Table3[#All],6,1) -> Low | M64: Operator | N64: Internal | R64: Saat power on | S64: During initial power ON product in Air Leak Stage, found No Power | T64: [{"name":"No Power_Zainul Muttaqin.png","link":"https://epsongroup-my.sharepoint.com/personal/brian_ramdhani_epson_co_id/Documents/Apps/Microsoft%20Forms/TAKATSU%20ANALYZE%20REPORT/Question/No%20Power_Zainul%20Muttaqin.png","id":"01D6UVHSMCXZGZTV4MYBAKPRYWL2GMDNAT","type":null,"size":191313,"referenceId":"01D6UVHSOX5DG5RX522VGYFCV365U3UBU3","driveId":"b!7qg8FsnQY0iiT36_x6Novv_3J9v4MtxPsytkCbb-ZPz3ScQFcxKeSqI2jw7AAtnZ","status":1,"uploadSessionUrl":null}] | U64: https://epsongroup-my.sharepoint.com/personal/brian_ramdhani_epson_co_id/Documents/Apps/Microsoft%20Forms/TAKATSU%20ANALYZE%20REPORT/Question/No%20Power_Zainul%20Muttaqin.png | V64: eQEDgx7cpE-lUUHWST58JsgAG94_ | AJ64: Mainboard problem | AM64: Change M/B in line, still analyze, and monitoring this defect | AN64: Zainul Muttaqin
A65: AR250206021932 | C65: 45694 | E65: Takatsu-8 Peeler | H65: =VLOOKUP(Table1[[#This Row],[Official_Defect_Name]],Sheet2!$A:$F,2,FALSE) -> TKSAL-018 | I65: Peeler Measurement NG | K65: Peeler Measurement NG | L65: =VLOOKUP(Table1[[#This Row],[Official_Defect_Name]],Table3[#All],6,1) -> Low | M65: Operator | N65: PG | R65: Still analize | S65: Peeler Measurement NG Low | T65: [{"name":"Peeler Measurement NG_Nazar Bagus H..jpg","link":"https://epsongroup-my.sharepoint.com/personal/brian_ramdhani_epson_co_id/Documents/Apps/Microsoft%20Forms/TAKATSU%20ANALYZE%20REPORT/Question/Peeler%20Measurement%20NG_Nazar%20Bagus%20H..jpg","id":"01D6UVHSI2EKLFBO7N5RAL6EV7SX4AAXLY","type":null,"size":174891,"referenceId":"01D6UVHSOX5DG5RX522VGYFCV365U3UBU3","driveId":"b!7qg8FsnQY0iiT36_x6Novv_3J9v4MtxPsytkCbb-ZPz3ScQFcxKeSqI2jw7AAtnZ","status":1,"uploadSessionUrl":null}] | V65: yBtqGC7mckOzGk5aGRInhMgAH2FW | AJ65: False Reject | AM65: Recheck Tension OK (Value 10) --> Re Assy and Peeler Measurement 3x OK | AN65: Nazar Bagus H.
A66: AR250206022021 | C66: 45694 | E66: Takatsu-8 Peeler | H66: =VLOOKUP(Table1[[#This Row],[Official_Defect_Name]],Sheet2!$A:$F,2,FALSE) -> TKSAL-019 | I66: Peeler Unit Noise | K66: Peeler Unit Noise | L66: =VLOOKUP(Table1[[#This Row],[Official_Defect_Name]],Table3[#All],6,1) -> Low | M66: Operator | N66: PG | R66: Still analize | V66: nmbTZpF8OkWkN132uzb1asgAJ4w7
A67: AR250207081821 | C67: 45695 | E67: Takatsu-8 Peeler | H67: =VLOOKUP(Table1[[#This Row],[Official_Defect_Name]],Sheet2!$A:$F,2,FALSE) -> TKSAL-022 | I67: Printing Noise | K67: Printing Noise | L67: =VLOOKUP(Table1[[#This Row],[Official_Defect_Name]],Table3[#All],6,1) -> Low | M67: Operator | N67: Printing | R67: Noise saat louding kertas | S67: During the product was inpect with menu peeler measurement, found peeler noise [cit cit]. | T67: [{"name":"Peeler Noise_Zainul Muttaqin.png","link":"https://epsongroup-my.sharepoint.com/personal/brian_ramdhani_epson_co_id/Documents/Apps/Microsoft%20Forms/TAKATSU%20ANALYZE%20REPORT/Question/Peeler%20Noise_Zainul%20Muttaqin.png","id":"01D6UVHSI52HJFV3MFKRHYKXNZN5GRLZFH","type":null,"size":170844,"referenceId":"01D6UVHSOX5DG5RX522VGYFCV365U3UBU3","driveId":"b!7qg8FsnQY0iiT36_x6Novv_3J9v4MtxPsytkCbb-ZPz3ScQFcxKeSqI2jw7AAtnZ","status":1,"uploadSessionUrl":null}] | V67: J697srVsvEuiHHQoTTOOWMgAKUcu | AJ67: Roller peeler touch to paper guide peeler | AM67: Re-assembly paper guide peeler in peeler unit [ensure there is a gap, between two parts] | AN67: Zainul Muttaqin
A68: AR250207090825 | C68: 45695 | E68: Takatsu-8 Autocutter | H68: =VLOOKUP(Table1[[#This Row],[Official_Defect_Name]],Sheet2!$A:$F,2,FALSE) -> TKSAL-025 | I68: Shutter Check Noise | K68: Shutter Check Noise | L68: =VLOOKUP(Table1[[#This Row],[Official_Defect_Name]],Table3[#All],6,1) -> Low | M68: Operator | N68: Stg pg | R68: Saat proses shutter cek | S68: Shutter Noise | T68: [{"name":"False Reject_Nazar Bagus H. 4.PNG","link":"https://epsongroup-my.sharepoint.com/personal/brian_ramdhani_epson_co_id/Documents/Apps/Microsoft%20Forms/TAKATSU%20ANALYZE%20REPORT/Question/False%20Reject_Nazar%20Bagus%20H.%204.PNG","id":"01D6UVHSJNKOCRZZBKY5F2V6HBBZKL2TIK","type":null,"size":1313,"referenceId":"01D6UVHSOX5DG5RX522VGYFCV365U3UBU3","driveId":"b!7qg8FsnQY0iiT36_x6Novv_3J9v4MtxPsytkCbb-ZPz3ScQFcxKeSqI2jw7AAtnZ","status":1,"uploadSessionUrl":null}] | V68: 0XSoZQG2v0SXO5aG4gZ5_MgAKYg9 | AJ68: False Reject | AM68: Re Check 3x OK | AN68: Nazar Bagus H.
A69: AR250210030911 | C69: 45698 | E69: Takatsu-4 Autocutter | H69: =VLOOKUP(Table1[[#This Row],[Official_Defect_Name]],Sheet2!$A:$F,2,FALSE) -> TKSAL-003 | I69: Abnormal Paper Loading | K69: Abnormal Paper Loading | L69: =VLOOKUP(Table1[[#This Row],[Official_Defect_Name]],Table3[#All],6,1) -> #N/A | M69: Operator | N69: PG | R69: Saat proses label inspection sheet | S69: During Loading Paper Sensor BM, Paper loading nonstop | T69: [{"name":"BM Sensor NG_Nazar Bagus H..jpg","link":"https://epsongroup-my.sharepoint.com/personal/brian_ramdhani_epson_co_id/Documents/Apps/Microsoft%20Forms/TAKATSU%20ANALYZE%20REPORT/Question/BM%20Sensor%20NG_Nazar%20Bagus%20H..jpg","id":"01D6UVHSNHRGALSP6LOVEYVU5QHZDYIJK7","type":null,"size":23084,"referenceId":"01D6UVHSOX5DG5RX522VGYFCV365U3UBU3","driveId":"b!7qg8FsnQY0iiT36_x6Novv_3J9v4MtxPsytkCbb-ZPz3ScQFcxKeSqI2jw7AAtnZ","status":1,"uploadSessionUrl":null}] | V69: clzaFA_PfE2SY7_fYKmoGcgAP9Jw | AJ69: BM Sensor NG | AM69: Change Platen Unit OK (5x Feed), Try NG Platen Unit to other Mecha (On Progress) | AN69: Nazar Bagus H.
A70: AR250210114932 | C70: 45698 | E70: Takatsu-4 Autocutter | H70: =VLOOKUP(Table1[[#This Row],[Official_Defect_Name]],Sheet2!$A:$F,2,FALSE) -> TKSAL-009 | I70: DMAV | K70: DMAV | L70: =VLOOKUP(Table1[[#This Row],[Official_Defect_Name]],Table3[#All],6,1) -> Severity | M70: Operator | N70: Printing | R70: Jig 06 | S70: Found DMAV During initial Charge | T70: [{"name":"False Reject_Nazar Bagus H. 5.PNG","link":"https://epsongroup-my.sharepoint.com/personal/brian_ramdhani_epson_co_id/Documents/Apps/Microsoft%20Forms/TAKATSU%20ANALYZE%20REPORT/Question/False%20Reject_Nazar%20Bagus%20H.%205.PNG","id":"01D6UVHSPJZE6XO4XQKJAZ5XMHSYI6NMJX","type":null,"size":1313,"referenceId":"01D6UVHSOX5DG5RX522VGYFCV365U3UBU3","driveId":"b!7qg8FsnQY0iiT36_x6Novv_3J9v4MtxPsytkCbb-ZPz3ScQFcxKeSqI2jw7AAtnZ","status":1,"uploadSessionUrl":null}] | V70: 2-ErmOiULUixwKLf0DYKYsgAI_qu | AJ70: F/M | AM70: Wiping PH in Repair OK | AN70: Nazar Bagus H.
A71: AR250211025140 | B71: RP250211072641 | C71: 45699 | D71: 45699 | E71: Takatsu-4 Peeler | H71: =VLOOKUP(Table1[[#This Row],[Official_Defect_Name]],Sheet2!$A:$F,2,FALSE) -> TKSAL-022 | I71: Printing Noise | K71: Printing Noise | L71: =VLOOKUP(Table1[[#This Row],[Official_Defect_Name]],Table3[#All],6,1) -> Low | M71: Operator | N71: Printing | O71: During Printing Inspection | R71: Noise saat louding kertas | S71: Heard Noise during Printing Using Peeler Unit | V71: LSuhWlTi06YDMF4oGaJgcgADkFR | AJ71: Still Analyze | AM71: Change Spring Plate Peeler | AN71: Nazar Bagus H.
A72: AR250211095047 | C72: 45699 | E72: Takatsu-4 Autocutter | H72: =VLOOKUP(Table1[[#This Row],[Official_Defect_Name]],Sheet2!$A:$F,2,FALSE) -> TKSAL-022 | I72: Printing Noise | K72: Printing Noise | L72: =VLOOKUP(Table1[[#This Row],[Official_Defect_Name]],Table3[#All],6,1) -> Low | M72: Operator | N72: Printing | R72: Jig 05 saat proses miss piping | S72: During miss piping check in Printing Stage, found noise [cit cit] in Maintenance Unit area | T72: [{"name":"MNU Noise_Zainul Muttaqin.jpg","link":"https://epsongroup-my.sharepoint.com/personal/brian_ramdhani_epson_co_id/Documents/Apps/Microsoft%20Forms/TAKATSU%20ANALYZE%20REPORT/Question/MNU%20Noise_Zainul%20Muttaqin.jpg","id":"01D6UVHSLNRJZP3CGDOBDZA2SZU3EPXVCC","type":null,"size":151366,"referenceId":"01D6UVHSOX5DG5RX522VGYFCV365U3UBU3","driveId":"b!7qg8FsnQY0iiT36_x6Novv_3J9v4MtxPsytkCbb-ZPz3ScQFcxKeSqI2jw7AAtnZ","status":1,"uploadSessionUrl":null}] | V72: N4ZDZHAv40WNg-k92rDQHcgAIWUz | AJ72: Still analyze MNU | AM72: Change MNU become OK, and still analyze MNU | AN72: Zainul Muttaqin
A73: AR250211095222 | C73: 45699 | E73: Takatsu-4 Autocutter | H73: =VLOOKUP(Table1[[#This Row],[Official_Defect_Name]],Sheet2!$A:$F,2,FALSE) -> TKSAL-005 | I73: Abnormal Power On | K73: Abnormal Power On | L73: =VLOOKUP(Table1[[#This Row],[Official_Defect_Name]],Table3[#All],6,1) -> #N/A | M73: Operator | N73: Internal | R73: Saat proses initial setting | S73: During initial setting with kenpuro program in Internal Stage, found initial setting NG [Time Out Error] | T73: [{"name":"Time Out Error_Zainul Muttaqin.jpg","link":"https://epsongroup-my.sharepoint.com/personal/brian_ramdhani_epson_co_id/Documents/Apps/Microsoft%20Forms/TAKATSU%20ANALYZE%20REPORT/Question/Time%20Out%20Error_Zainul%20Muttaqin.jpg","id":"01D6UVHSKO6PCVI3ZJPRGJMGNHBFLPMCMG","type":null,"size":93203,"referenceId":"01D6UVHSOX5DG5RX522VGYFCV365U3UBU3","driveId":"b!7qg8FsnQY0iiT36_x6Novv_3J9v4MtxPsytkCbb-ZPz3ScQFcxKeSqI2jw7AAtnZ","status":1,"uploadSessionUrl":null}] | V73: Dij_vK-1JkCKvGNmA4pQv8gAPg8Y | AJ73: Dowels lever sensor PGU not full insert to frame | AM73: Reminding and retraining OPR Stage SA PGU Unit, must be follow checkpoint after assy Lever Sensor PGU Unit. | AN73: Zainul Muttaqin
A74: AR250211103617 | B74: RP250211064453 | C74: 45699 | D74: 45699 | E74: Takatsu-4 Autocutter | H74: =VLOOKUP(Table1[[#This Row],[Official_Defect_Name]],Sheet2!$A:$F,2,FALSE) -> TKSAL-010 | I74: DO | K74: DO | L74: =VLOOKUP(Table1[[#This Row],[Official_Defect_Name]],Table3[#All],6,1) -> Critical | M74: Operator | N74: Printing | O74: During Check Result Printing | R74: Jig 07 | S74: When the printer was inspection with menu nozzle check, found the results was DO | T74: [{"name":"Dot Omission_Zainul Muttaqin.jpg","link":"https://epsongroup-my.sharepoint.com/personal/brian_ramdhani_epson_co_id/Documents/Apps/Microsoft%20Forms/TAKATSU%20ANALYZE%20REPORT/Question/Dot%20Omission_Zainul%20Muttaqin.jpg","id":"01D6UVHSK4NY2FZGSPBJG3JW7LTAYPF5N4","type":null,"size":130651,"referenceId":"01D6UVHSOX5DG5RX522VGYFCV365U3UBU3","driveId":"b!7qg8FsnQY0iiT36_x6Novv_3J9v4MtxPsytkCbb-ZPz3ScQFcxKeSqI2jw7AAtnZ","status":1,"uploadSessionUrl":null}] | V74: sXHrEUQFOkOXWFrv3Kyaw8gAMDg8 | AJ74: Possibility any Foreign Material on PH | AM74: Wiping PH in repair become OK | AN74: Zainul Muttaqin
A75: ARTESTTESTTEST1 | B75: RP250217052946 | C75: 45699 | D75: 45705 | E75: Takatsu-4 Autocutter | H75: =VLOOKUP(Table1[[#This Row],[Official_Defect_Name]],Sheet2!$A:$F,2,FALSE) -> TKSAL-006 | I75: CR Measurement NG | K75: TEST | L75: =VLOOKUP(Table1[[#This Row],[Official_Defect_Name]],Table3[#All],6,1) -> #N/A | M75: Operator | N75: 0 | O75: Test Function Form | S75: Test Function Form | T75: [{"name":"Sample_Brian Ramdhani 1.png","link":"https://epsongroup-my.sharepoint.com/personal/brian_ramdhani_epson_co_id/Documents/Apps/Microsoft%20Forms/TAKATSU%20ANALYZE%20REPORT/Question/Sample_Brian%20Ramdhani%201.png","id":"01D6UVHSNTGWNVZF2KYJGZIF5PJ4H3CPZT","type":null,"size":117963,"referenceId":"01D6UVHSOX5DG5RX522VGYFCV365U3UBU3","driveId":"b!7qg8FsnQY0iiT36_x6Novv_3J9v4MtxPsytkCbb-ZPz3ScQFcxKeSqI2jw7AAtnZ","status":1,"uploadSessionUrl":null}] | V75: xxxxxxx | AC75: There is 4M Change in ["Machine/Jig/Tools","Methode"]That effectTest Function Form | AI75: 1. Test Function Form 2. Test Function Form 3. Test Function Form 4. Test Function Form 5. Test Function Form | AJ75: Test Function Form | AM75: Test Function Form | AN75: Brian Ramdhani
A76: AR250217114822 | B76: RP250217052720 | C76: 45705 | D76: 45705 | E76: Takatsu-8 Autocutter | H76: =VLOOKUP(Table1[[#This Row],[Official_Defect_Name]],Sheet2!$A:$F,2,FALSE) -> TKSAL-029 | I76: Abnormal Paper Cover Movement | K76: Cover paper guide bending | L76: =VLOOKUP(Table1[[#This Row],[Official_Defect_Name]],Table3[#All],6,1) -> #N/A | M76: Operator | N76: MA13-External+Production 3 | O76: During External Inspection | R76: - | S76: Found Paper Cover Little bit Stuck During Closing | T76: [{"name":"False Reject_Nazar Bagus H. 6.PNG","link":"https://epsongroup-my.sharepoint.com/personal/brian_ramdhani_epson_co_id/Documents/Apps/Microsoft%20Forms/TAKATSU%20ANALYZE%20REPORT/Question/False%20Reject_Nazar%20Bagus%20H.%206.PNG","id":"01D6UVHSN7GQKV3B2H3RFZPISTMTFK7UAW","type":null,"size":1313,"referenceId":"01D6UVHSOX5DG5RX522VGYFCV365U3UBU3","driveId":"b!7qg8FsnQY0iiT36_x6Novv_3J9v4MtxPsytkCbb-ZPz3ScQFcxKeSqI2jw7AAtnZ","status":1,"uploadSessionUrl":null}] | V76: WMbwP-Wct0SSLLmFoJGdsMgALkBO | AJ76: Cover on Product not properly match with mechanism | AM76: Re-assembly all Cover, Product become OK | AN76: Nazar Bagus H.
A77: AR250217054245 | B77: RP250219060835 | C77: 45705 | D77: 45707 | E77: Takatsu-8 Autocutter | H77: =VLOOKUP(Table1[[#This Row],[Official_Defect_Name]],Sheet2!$A:$F,2,FALSE) -> TKSAL-008 | I77: DMAH | K77: DMAH | L77: =VLOOKUP(Table1[[#This Row],[Official_Defect_Name]],Table3[#All],6,1) -> Severity | M77: Operator | N77: MA10-Printing | O77: During Printing Inspection | R77: Jig 06 | S77: During Initial Charge, Found DMAH | T77: [{"name":"DMAH 19 Feb_Nazar Bagus H..jpg","link":"https://epsongroup-my.sharepoint.com/personal/brian_ramdhani_epson_co_id/Documents/Apps/Microsoft%20Forms/TAKATSU%20ANALYZE%20REPORT/Question/DMAH%2019%20Feb_Nazar%20Bagus%20H..jpg","id":"01D6UVHSNYDYLS2LTHXNAKC2URMYQNAZOY","type":null,"size":53749,"referenceId":"01D6UVHSOX5DG5RX522VGYFCV365U3UBU3","driveId":"b!7qg8FsnQY0iiT36_x6Novv_3J9v4MtxPsytkCbb-ZPz3ScQFcxKeSqI2jw7AAtnZ","status":1,"uploadSessionUrl":null}] | V77: CQg1BJajRUyBtIiXbDqWhsgAKWhE | AC77: Man : Methode : Materials : Machine/Jig : | AI77: 1. 2. 3. 4. 5. | AJ77: Any Foreign Material around Block G3 no150 | AM77: Change PH, and Keep PH NG | AN77: Nazar Bagus H.
A78: AR250218081943 | B78: RP250218094552 | C78: 45706 | D78: 45706 | E78: Takatsu-8 Autocutter | H78: =VLOOKUP(Table1[[#This Row],[Official_Defect_Name]],Sheet2!$A:$F,2,FALSE) -> TKSAL-002 | I78: Abnormal Noise | K78: MNU Measurement NG | L78: =VLOOKUP(Table1[[#This Row],[Official_Defect_Name]],Table3[#All],6,1) -> #N/A | M78: Operator | N78: MA09-PG Adjustment [Setting 1] | O78: During MNU Measurement | R78: Noise | S78: During the product was inpect with menu MNU Measurement in PG Stage, found MNU noise | T78: [{"name":"IMG-20250218-WA0002_Zainul Muttaqin.jpg","link":"https://epsongroup-my.sharepoint.com/personal/brian_ramdhani_epson_co_id/Documents/Apps/Microsoft%20Forms/TAKATSU%20ANALYZE%20REPORT/Question/IMG-20250218-WA0002_Zainul%20Muttaqin.jpg","id":"01D6UVHSMFXABD55HTNVBKKERU7VRNAFK2","type":null,"size":730728,"referenceId":"01D6UVHSOX5DG5RX522VGYFCV365U3UBU3","driveId":"b!7qg8FsnQY0iiT36_x6Novv_3J9v4MtxPsytkCbb-ZPz3ScQFcxKeSqI2jw7AAtnZ","status":1,"uploadSessionUrl":null}] | V78: HchtiuBs80-W3SsvFaHqFMgAOYzX | AC78: Man : Methode : Materials : Machine/Jig : | AI78: 1. MNU Measurement noise 2. Tube touch to gear MNU 3. Operators pay less attention to checkpoint SWP 4. 5. | AJ78: Tube touch to Gear MNU | AM78: Reminding OPR SA MNU in 2nd Floor, so that follow check point on SWP during assembly tube. | AN78: Zainul Muttaqin
A79: AR250218110821 | B79: RP250218045357 | C79: 45706 | D79: 45706 | E79: Takatsu-8 Peeler | H79: =VLOOKUP(Table1[[#This Row],[Official_Defect_Name]],Sheet2!$A:$F,2,FALSE) -> TKSAL-002 | I79: Abnormal Noise | K79: Abnormal Noise | L79: =VLOOKUP(Table1[[#This Row],[Official_Defect_Name]],Table3[#All],6,1) -> #N/A | M79: Operator | N79: MA09-PG Adjustment [Setting 1] | O79: During Platen Fan Adjustment | R79: Platen noise | S79: During the product was inspect with menu platen fan adjustment, found noise and vibration appear in Platen Fan area | T79: [{"name":"Abnormal Noise - Platen_Zainul Muttaqin.jpg","link":"https://epsongroup-my.sharepoint.com/personal/brian_ramdhani_epson_co_id/Documents/Apps/Microsoft%20Forms/TAKATSU%20ANALYZE%20REPORT/Question/Abnormal%20Noise%20-%20Platen_Zainul%20Muttaqin.jpg","id":"01D6UVHSOT5NHFDURW7NFZR4HWAE3SB4PJ","type":null,"size":104836,"referenceId":"01D6UVHSOX5DG5RX522VGYFCV365U3UBU3","driveId":"b!7qg8FsnQY0iiT36_x6Novv_3J9v4MtxPsytkCbb-ZPz3ScQFcxKeSqI2jw7AAtnZ","status":1,"uploadSessionUrl":null}] | V79: eUX-tlVVyUm_ZWPzLK5fCcgABba8 | AC79: Man : Methode : Materials : Machine/Jig : | AD79: Platen fan adjustment noise | AE79: Platen fan unbalanced rotation | AF79: Still analyze | AI79: 1. Platen fan adjustment noise 2. Platen fan unbalanced rotation 3. Still analyze 4. 5. | AJ79: Platen fan unbalanced rotation [still analyze] | AM79: Levelling to OPR SA Platen, so that ensure rotation platen fan was balanced before assy to platen unit | AN79: Zainul Muttaqin
A80: AR250218010508 | B80: RP250218073324 | C80: 45706 | D80: 45706 | E80: Takatsu-4 Autocutter | H80: =VLOOKUP(Table1[[#This Row],[Official_Defect_Name]],Sheet2!$A:$F,2,FALSE) -> TKSAL-016 | I80: No Power | K80: No Power | L80: =VLOOKUP(Table1[[#This Row],[Official_Defect_Name]],Table3[#All],6,1) -> Low | M80: Operator | N80: MA08-Internal | O80: During initial power ON in Air Leak Stage | R80: Saat power on | S80: During initial power ON product in Air Leak Stage, found No Power | T80: [{"name":"20250205_172057_Zainul Muttaqin.jpg","link":"https://epsongroup-my.sharepoint.com/personal/brian_ramdhani_epson_co_id/Documents/Apps/Microsoft%20Forms/TAKATSU%20ANALYZE%20REPORT/Question/20250205_172057_Zainul%20Muttaqin.jpg","id":"01D6UVHSLQN7YOWUBMPNCKSBN5BXONTNEL","type":null,"size":973291,"referenceId":"01D6UVHSOX5DG5RX522VGYFCV365U3UBU3","driveId":"b!7qg8FsnQY0iiT36_x6Novv_3J9v4MtxPsytkCbb-ZPz3ScQFcxKeSqI2jw7AAtnZ","status":1,"uploadSessionUrl":null}] | V80: eEuYxeZqWUuQw8OV8KQPX8gAAaA1 | AC80: Man : Methode : Materials : Machine/Jig : | AD80: No power | AE80: Board Assy Prog NG | AF80: Still continue analyze | AI80: 1. No power 2. Board Assy Prog NG 3. Still continue analyze 4. 5. | AJ80: Board Assy Prog NG [Still analyze] | AM80: Still continue analyze to find rootcause | AN80: Zainul Muttaqin
A81: AR250218050131 | B81: RP250220082431 | C81: 45706 | D81: 45708 | E81: Takatsu-4 Autocutter | H81: =VLOOKUP(Table1[[#This Row],[Official_Defect_Name]],Sheet2!$A:$F,2,FALSE) -> TKSAL-002 | I81: Abnormal Noise | K81: Abnormal Noise | L81: =VLOOKUP(Table1[[#This Row],[Official_Defect_Name]],Table3[#All],6,1) -> #N/A | M81: Operator | N81: MA09-PG Adjustment [Setting 1] | O81: During MNU measurement | R81: NOISE | S81: During MNU measurement in PG stage, found MNU noise [cit cit] | T81: [{"name":"MNU Noise cit cit_Zainul Muttaqin.jpg","link":"https://epsongroup-my.sharepoint.com/personal/brian_ramdhani_epson_co_id/Documents/Apps/Microsoft%20Forms/TAKATSU%20ANALYZE%20REPORT/Question/MNU%20Noise%20cit%20cit_Zainul%20Muttaqin.jpg","id":"01D6UVHSJWPNYG5OQ6ZNFL23STQOZUF64Y","type":null,"size":94655,"referenceId":"01D6UVHSOX5DG5RX522VGYFCV365U3UBU3","driveId":"b!7qg8FsnQY0iiT36_x6Novv_3J9v4MtxPsytkCbb-ZPz3ScQFcxKeSqI2jw7AAtnZ","status":1,"uploadSessionUrl":null}] | V81: V13pgkOaxEWZkeBMSAOM88gAKBXx | AC81: Man : Methode : Materials : Machine/Jig : | AD81: MNU noise [cit cit] | AE81: Scale touch to BAE | AF81: BAE slanting | AG81: Mistake assembly due to Operator | AI81: 1. MNU noise [cit cit] 2. Scale touch to BAE 3. BAE slanting 4. Mistake assembly due to Operator 5. | AJ81: BAE slanting, assy by operator | AM81: Retraining and reminding operator, so that full insert during assembly BAE to FRAME IS GEAR | AN81: Zainul Muttaqin
A82: AR250219065151 | B82: RP250221021709 | C82: 45707 | D82: 45709 | E82: Takatsu-8 Autocutter | H82: =VLOOKUP(Table1[[#This Row],[Official_Defect_Name]],Sheet2!$A:$F,2,FALSE) -> TKSAL-028 | I82: BI-d Cannot Adjust | K82: Abnormal BID | L82: =VLOOKUP(Table1[[#This Row],[Official_Defect_Name]],Table3[#All],6,1) -> #N/A | M82: Operator | N82: MA10-Printing | O82: During Printing Process Bi-d VSD | R82: Jig 02 | S82: When OP Print Bi-d VSD1, 2, 3 find white line | T82: [{"name":"Bi-D NG_Rio Rizki Khanigia.jpg","link":"https://epsongroup-my.sharepoint.com/personal/brian_ramdhani_epson_co_id/Documents/Apps/Microsoft%20Forms/TAKATSU%20ANALYZE%20REPORT/Question/Bi-D%20NG_Rio%20Rizki%20Khanigia.jpg","id":"01D6UVHSLSE2IJL7PKVRF2F36FGBWLQWHO","type":null,"size":196103,"referenceId":"01D6UVHSOX5DG5RX522VGYFCV365U3UBU3","driveId":"b!7qg8FsnQY0iiT36_x6Novv_3J9v4MtxPsytkCbb-ZPz3ScQFcxKeSqI2jw7AAtnZ","status":1,"uploadSessionUrl":null}] | V82: _ZLWgtPrpU6p5vrAQ0BlBsgACY4f | AC82: Man : Methode : Materials : Machine/Jig : | AI82: 1. 2. 3. 4. 5. | AJ82: PF Belt tension over STD | AM82: Re-adjust PF Tension and retraining OP refer to SWP. | AN82: Rio Rizki Khanigia
A83: AR250219065722 | B83: RP250221013701 | C83: 45707 | D83: 45709 | E83: Takatsu-8 Autocutter | H83: =VLOOKUP(Table1[[#This Row],[Official_Defect_Name]],Sheet2!$A:$F,2,FALSE) -> #N/A | I83: Air Leak Check NG | K83: Air chek ng | L83: =VLOOKUP(Table1[[#This Row],[Official_Defect_Name]],Table3[#All],6,1) -> #N/A | M83: Operator | N83: MA08-Internal | O83: During Air Leak Inspection | R83: Saat proses Air leak cek | S83: During Air Leak Check, Found Leakage on Color BK | T83: [{"name":"Seal INk SUpply NG_Nazar Bagus H..jpg","link":"https://epsongroup-my.sharepoint.com/personal/brian_ramdhani_epson_co_id/Documents/Apps/Microsoft%20Forms/TAKATSU%20ANALYZE%20REPORT/Question/Seal%20INk%20SUpply%20NG_Nazar%20Bagus%20H..jpg","id":"01D6UVHSJIVSTNOUBYIFCJJOLIMBRCDPKD","type":null,"size":62709,"referenceId":"01D6UVHSOX5DG5RX522VGYFCV365U3UBU3","driveId":"b!7qg8FsnQY0iiT36_x6Novv_3J9v4MtxPsytkCbb-ZPz3ScQFcxKeSqI2jw7AAtnZ","status":1,"uploadSessionUrl":null}] | V83: Ds5UZBH4ukmpYylu_CWzA8gAHUo8 | Y83: No Changes | Z83: Why Machine Sub Assy Cannot Detect? | AA83: No Changes | AB83: No Changes | AC83: Man :No Changes Methode :No Changes Materials :No Changes Machine/Jig :Why Machine Sub Assy Cannot Detect? | AD83: Air Leak Check NG | AE83: Any Leakage on Mechanism | AF83: Leakage on Supply Unit | AG83: Seal Tube Unpost | AH83: Assembly Problem | AI83: 1. Air Leak Check NG 2. Any Leakage on Mechanism 3. Leakage on Supply Unit 4. Seal Tube Unpost 5. Assembly Problem | AJ83: Seal Tube on SUpply Unit Color BK Unpost | AM83: Change Supply OK, Keep NG Supply Unit to continue deep analyze why Sub Assy 2nd Floor cannot detect | AN83: Nazar Bagus H.
A84: AR250224111140 | B84: RP250224013837 | C84: 45712 | D84: 45712 | E84: Takatsu-8 Autocutter | H84: =VLOOKUP(Table1[[#This Row],[Official_Defect_Name]],Sheet2!$A:$F,2,FALSE) -> TKSAL-003 | I84: Abnormal Paper Loading | K84: Paper dent | L84: =VLOOKUP(Table1[[#This Row],[Official_Defect_Name]],Table3[#All],6,1) -> #N/A | M84: Operator | N84: MA10-Printing | O84: During Printing Inspection | R84: Saat proses print | S84: During Initial Paper Loading, Found Paper Stuck into Plate Platen | T84: [{"name":"Paper Jam_Nazar Bagus H..jpg","link":"https://epsongroup-my.sharepoint.com/personal/brian_ramdhani_epson_co_id/Documents/Apps/Microsoft%20Forms/TAKATSU%20ANALYZE%20REPORT/Question/Paper%20Jam_Nazar%20Bagus%20H..jpg","id":"01D6UVHSOU56NAGP7EORG3NFKTWQQJDGQB","type":null,"size":86663,"referenceId":"01D6UVHSOX5DG5RX522VGYFCV365U3UBU3","driveId":"b!7qg8FsnQY0iiT36_x6Novv_3J9v4MtxPsytkCbb-ZPz3ScQFcxKeSqI2jw7AAtnZ","status":1,"uploadSessionUrl":null}] | V84: 1UePiX6kKkeKtVUJKRhPFsgAP3cF | Y84: Plate Platen Bending | Z84: Need to Improve Plate Platen Bending Checker | AA84: No Changes | AB84: No Changes | AC84: Man :No Changes Methode :No Changes Materials :Plate Platen Bending Machine/Jig :Need to Improve Plate Platen Bending Checker | AD84: Paper Jam | AE84: Paper Stuck into Plate Platen | AF84: Plate Platen Bending | AG84: Part Problem | AI84: 1. Paper Jam 2. Paper Stuck into Plate Platen 3. Plate Platen Bending 4. Part Problem 5. | AJ84: Plate Platen Bending | AM84: Change Plate Platen in Line, Propose to upgrade Plate Platen Checker on Main Assy | AN84: Nazar Bagus H.
A85: AR250224010409 | B85: RP250224015114 | C85: 45712 | D85: 45712 | E85: Takatsu-8 Autocutter | H85: =VLOOKUP(Table1[[#This Row],[Official_Defect_Name]],Sheet2!$A:$F,2,FALSE) -> TKSAL-003 | I85: Abnormal Paper Loading | K85: Abnormal Paper Loading | L85: =VLOOKUP(Table1[[#This Row],[Official_Defect_Name]],Table3[#All],6,1) -> #N/A | M85: Operator | N85: MA09-PG Adjustment [Setting 1] | O85: During label calibration check | R85: Saat proses label sensor celebration | S85: During label calibration check, panel shown [The paper is not loaded correctly] | T85: [{"name":"Abnormal Paper Loading_Zainul Muttaqin.jpg","link":"https://epsongroup-my.sharepoint.com/personal/brian_ramdhani_epson_co_id/Documents/Apps/Microsoft%20Forms/TAKATSU%20ANALYZE%20REPORT/Question/Abnormal%20Paper%20Loading_Zainul%20Muttaqin.jpg","id":"01D6UVHSJAKA6IZQ4BMNFY3C6ZROU4XYKW","type":null,"size":223404,"referenceId":"01D6UVHSOX5DG5RX522VGYFCV365U3UBU3","driveId":"b!7qg8FsnQY0iiT36_x6Novv_3J9v4MtxPsytkCbb-ZPz3ScQFcxKeSqI2jw7AAtnZ","status":1,"uploadSessionUrl":null}] | V85: VH4EoYTT8EK41xvfoU6hksgANGQo | AC85: Man : Methode : Materials : Machine/Jig : | AD85: Abnormal Paper Loading | AE85: Platen Unit NG | AF85: BM Sensor NG | AG85: Still analyze | AI85: 1. Abnormal Paper Loading 2. Platen Unit NG 3. BM Sensor NG 4. Still analyze 5. | AJ85: BM Sensor NG [Still analyze] | AM85: Change BM Sensor in Platen Unit [Still analyze] | AN85: Zainul Muttaqin
A86: AR250224024307 | B86: RP250224040359 | C86: 45712 | D86: 45712 | E86: Takatsu-8 Autocutter | H86: =VLOOKUP(Table1[[#This Row],[Official_Defect_Name]],Sheet2!$A:$F,2,FALSE) -> TKSAL-005 | I86: Abnormal Power On | K86: Paper Jam | L86: =VLOOKUP(Table1[[#This Row],[Official_Defect_Name]],Table3[#All],6,1) -> #N/A | M86: Operator | N86: MA09-PG Adjustment [Setting 1] | O86: During PG Inspection | R86: Saat power on | S86: When Power On, Found Abnormal Carriage Movement then Appear Paper Jam | T86: [{"name":"FFC BAE Carriage Peeled Off_Nazar Bagus H..jpg","link":"https://epsongroup-my.sharepoint.com/personal/brian_ramdhani_epson_co_id/Documents/Apps/Microsoft%20Forms/TAKATSU%20ANALYZE%20REPORT/Question/FFC%20BAE%20Carriage%20Peeled%20Off_Nazar%20Bagus%20H..jpg","id":"01D6UVHSK2BBJDRLROOBDJI3NVE5IMDTMS","type":null,"size":59031,"referenceId":"01D6UVHSOX5DG5RX522VGYFCV365U3UBU3","driveId":"b!7qg8FsnQY0iiT36_x6Novv_3J9v4MtxPsytkCbb-ZPz3ScQFcxKeSqI2jw7AAtnZ","status":1,"uploadSessionUrl":null}] | V86: 5S0TpEHUi06qZPU_N7sBbsgAIGHs | AA86: Possibility Peeled Off by Operator | AC86: Man :Possibility Peeled Off by Operator Methode : Materials : Machine/Jig : | AD86: Abnormal Power ON | AE86: Paper Jam Detected During Initial Power On | AF86: Abnormal Carriage Movement | AG86: Carriage Communication Error During Initial Power ON | AH86: FFC BAE Scale Carriage Peeled Off | AI86: 1. Abnormal Power ON 2. Paper Jam Detected During Initial Power On 3. Abnormal Carriage Movement 4. Carriage Communication Error During Initial Power ON 5. FFC BAE Scale Carriage Peeled Off | AJ86: FFC BAE Scale Carriage Peeled Off | AM86: Change FFC, then retrain Operator to ensure FFC BAE Scale not peeled off | AN86: Nazar Bagus H.
A87: AR250225111722 | B87: RP250225014047 | C87: 45713 | D87: 45713 | E87: Takatsu-4 Autocutter | H87: =VLOOKUP(Table1[[#This Row],[Official_Defect_Name]],Sheet2!$A:$F,2,FALSE) -> #N/A | I87: False Reject | K87: CABLE HEAD UNPOST | L87: =VLOOKUP(Table1[[#This Row],[Official_Defect_Name]],Table3[#All],6,1) -> High | M87: Operator | N87: MA09-PG Adjustment [Setting 1] | O87: During PG Inspection | R87: Saat proses cr measurment | S87: CABLE HEAD Slight Upward during CR Movement | T87: [{"name":"False Reject_Nazar Bagus H. 7.PNG","link":"https://epsongroup-my.sharepoint.com/personal/brian_ramdhani_epson_co_id/Documents/Apps/Microsoft%20Forms/TAKATSU%20ANALYZE%20REPORT/Question/False%20Reject_Nazar%20Bagus%20H.%207.PNG","id":"01D6UVHSLTOSEUH7M5MRD3QZRRZKMP4EID","type":null,"size":1313,"referenceId":"01D6UVHSOX5DG5RX522VGYFCV365U3UBU3","driveId":"b!7qg8FsnQY0iiT36_x6Novv_3J9v4MtxPsytkCbb-ZPz3ScQFcxKeSqI2jw7AAtnZ","status":1,"uploadSessionUrl":null}] | V87: 6v8fDDt6c06FfUyhluwIAMgAIYPa | AC87: Man : Methode : Materials : Machine/Jig : | AI87: 1. 2. 3. 4. 5. | AJ87: Not NG | AM87: OK, no any Action Item | AN87: Nazar Bagus H.
A88: AR250226084834 | B88: RP250303053530 | C88: 45714 | D88: 45719 | E88: Takatsu-4 Autocutter | H88: TKSAL-028 | I88: d Cannot Adjust | K88: ABNORMAL BID | L88: =VLOOKUP(Table1[[#This Row],[Official_Defect_Name]],Table3[#All],6,1) -> #N/A | M88: Operator | N88: MA10-Printing | O88: During Printing Inspection | R88: Bid ng | S88: During Printing Bi-D, Found Slight Line on Bi-D VS Result | T88: [{"name":"BID VSD3 NG_Nazar Bagus H..jpg","link":"https://epsongroup-my.sharepoint.com/personal/brian_ramdhani_epson_co_id/Documents/Apps/Microsoft%20Forms/TAKATSU%20ANALYZE%20REPORT/Question/BID%20VSD3%20NG_Nazar%20Bagus%20H..jpg","id":"01D6UVHSPRBMF3BB7XJZF3S3FDEOGVYBKB","type":null,"size":527655,"referenceId":"01D6UVHSOX5DG5RX522VGYFCV365U3UBU3","driveId":"b!7qg8FsnQY0iiT36_x6Novv_3J9v4MtxPsytkCbb-ZPz3ScQFcxKeSqI2jw7AAtnZ","status":1,"uploadSessionUrl":null}] | V88: HYf1WF9i402dContEIbKr8gAKS_H | AC88: Man : Methode : Materials : Machine/Jig : | AI88: 1. 2. 3. 4. 5. | AJ88: Still analyze | AM88: Need to Continue Deep Analyze on Print Head | AN88: Nazar Bagus H.
A89: AR250227093429 | B89: RP250228090751 | C89: 45715 | D89: 45716 | E89: Takatsu-8 Autocutter | H89: TKSFE-004 | I89: Fatal Error 005839 | K89: Fatal error 005839 | L89: =VLOOKUP(Table1[[#This Row],[Official_Defect_Name]],Table3[#All],6,1) -> High | M89: Operator | N89: MA09-PG Adjustment [Setting 1] | O89: During label calibration check | R89: Saat proses power on | S89: During label calibration check in PG Stage, found Fatal Error 005839 [Platen Shutter Lock Error] | T89: [{"name":"FE 005839_Zainul Muttaqin.jpg","link":"https://epsongroup-my.sharepoint.com/personal/brian_ramdhani_epson_co_id/Documents/Apps/Microsoft%20Forms/TAKATSU%20ANALYZE%20REPORT/Question/FE%20005839_Zainul%20Muttaqin.jpg","id":"01D6UVHSJKXIIM5NBVLNCZZYFLEVGISH2Z","type":null,"size":3259,"referenceId":"01D6UVHSOX5DG5RX522VGYFCV365U3UBU3","driveId":"b!7qg8FsnQY0iiT36_x6Novv_3J9v4MtxPsytkCbb-ZPz3ScQFcxKeSqI2jw7AAtnZ","status":1,"uploadSessionUrl":null}] | V89: gD7fn86SL0uNodV5d32Oi8gABhY8 | AC89: Man : Methode : Materials : Machine/Jig : | AD89: FE 005839 | AE89: Platen Unit NG | AF89: Suspect Motor Assy NG [Still analyze] | AI89: 1. FE 005839 2. Platen Unit NG 3. Suspect Motor Assy NG [Still analyze] 4. 5. | AJ89: Still analyze | AM89: Trial change motor assy [Still analyze] | AN89: Zainul Muttaqin
A90: AR250227121702 | B90: RP250228080709 | C90: 45715 | D90: 45716 | E90: Takatsu-8 Autocutter | H90: =VLOOKUP(Table1[[#This Row],[Official_Defect_Name]],Sheet2!$A:$F,2,FALSE) -> TKSAL-022 | I90: Printing Noise | K90: Printing Noise | L90: =VLOOKUP(Table1[[#This Row],[Official_Defect_Name]],Table3[#All],6,1) -> Low | M90: Operator | N90: MA10-Printing | O90: During Printing Inspection | R90: Saat proses print Bid | S90: Heard Small Noise During Printing | T90: [{"name":"False Reject_Nazar Bagus H. 8.PNG","link":"https://epsongroup-my.sharepoint.com/personal/brian_ramdhani_epson_co_id/Documents/Apps/Microsoft%20Forms/TAKATSU%20ANALYZE%20REPORT/Question/False%20Reject_Nazar%20Bagus%20H.%208.PNG","id":"01D6UVHSJ4F75POJTLDVGL2FT26NF5H2ZB","type":null,"size":1313,"referenceId":"01D6UVHSOX5DG5RX522VGYFCV365U3UBU3","driveId":"b!7qg8FsnQY0iiT36_x6Novv_3J9v4MtxPsytkCbb-ZPz3ScQFcxKeSqI2jw7AAtnZ","status":1,"uploadSessionUrl":null}] | V90: tx8lOf42E0qPfvvVv4xYDcgAJS_z | AC90: Man : Methode : Materials : Machine/Jig : | AI90: 1. 2. 3. 4. 5. | AJ90: False Reject, Over Judgement | AM90: Only Check 5x OK | AN90: Nazar Bagus H.
A91: AR250227070758 | B91: RP250228093823 | C91: 45715 | D91: 45716 | E91: Takatsu-8 Autocutter | H91: TKSFE-005 | I91: Fatal Error 5455 | K91: fetal error 005455 | L91: =VLOOKUP(Table1[[#This Row],[Official_Defect_Name]],Table3[#All],6,1) -> High | M91: Operator | N91: MA10-Printing | O91: During printing check | R91: Saat proses head inclined | S91: During head incline process in Printing Stage, found Fatal Error 5455 [Auto Cutter Problem] | T91: [{"name":"FE 005455_Zainul Muttaqin.jpg","link":"https://epsongroup-my.sharepoint.com/personal/brian_ramdhani_epson_co_id/Documents/Apps/Microsoft%20Forms/TAKATSU%20ANALYZE%20REPORT/Question/FE%20005455_Zainul%20Muttaqin.jpg","id":"01D6UVHSIKRVEF5VJEDBCZWMU2IOJGK37V","type":null,"size":171791,"referenceId":"01D6UVHSOX5DG5RX522VGYFCV365U3UBU3","driveId":"b!7qg8FsnQY0iiT36_x6Novv_3J9v4MtxPsytkCbb-ZPz3ScQFcxKeSqI2jw7AAtnZ","status":1,"uploadSessionUrl":null}] | V91: roRPXr6TEE2K9jXBkUmexMgAJfPy | AC91: Man : Methode : Materials : Machine/Jig : | AD91: FE 005455 | AE91: Lead wire roll motor not full insert | AF91: Operator do not follow checkpoint on SWP | AI91: 1. FE 005455 2. Lead wire roll motor not full insert 3. Operator do not follow checkpoint on SWP 4. 5. | AJ91: Lead wire roll motor not full insert occured due to assembly defect by Operator | AM91: Reminding and retraining OPR must be follow all checkpoint on SWP | AN91: Zainul Muttaqin
A92: AR250303115759 | B92: RP250303052947 | C92: 45719 | D92: 45719 | E92: Takatsu-4 Autocutter | H92: TKSAL-009 | I92: DMAV | K92: DMAV | M92: Operator | N92: MA10-Printing | O92: During Printing Inspection | R92: Jig 08 | S92: Found DMAV During Initial Print | T92: [{"name":"False Reject_Nazar Bagus H. 10.PNG","link":"https://epsongroup-my.sharepoint.com/personal/brian_ramdhani_epson_co_id/Documents/Apps/Microsoft%20Forms/TAKATSU%20ANALYZE%20REPORT/Question/False%20Reject_Nazar%20Bagus%20H.%2010.PNG","id":"01D6UVHSLGZ6RI4EMHEZDKFTZENUHUQC77","type":null,"size":1313,"referenceId":"01D6UVHSOX5DG5RX522VGYFCV365U3UBU3","driveId":"b!7qg8FsnQY0iiT36_x6Novv_3J9v4MtxPsytkCbb-ZPz3ScQFcxKeSqI2jw7AAtnZ","status":1,"uploadSessionUrl":null}] | V92: TV55guUG3EeOyDV1YLMbnMgAPD-k | AC92: Man : Methode : Materials : Machine/Jig : | AI92: 1. 2. 3. 4. 5. | AJ92: Not NG | AM92: After Re-Initial Charge. Product Become OK and not found any abnormality | AN92: Nazar Bagus H.
A93: AR250304081814 | B93: RP250320084439 | C93: 45720 | D93: 45736 | E93: Takatsu-4 Peeler | H93: TKSAL-002 | I93: Abnormal Noise | K93: Abnormal Noise | M93: Operator | N93: MA10-Printing | O93: During Printing Inspection | R93: Still analize | S93: During Printing Using Peeler Unit, Found Noise | T93: [{"name":"SMALL GAP 2_Nazar Bagus H. 1.png","link":"https://epsongroup-my.sharepoint.com/personal/brian_ramdhani_epson_co_id/Documents/Apps/Microsoft%20Forms/TAKATSU%20ANALYZE%20REPORT/Question/SMALL%20GAP%202_Nazar%20Bagus%20H.%201.png","id":"01D6UVHSKLCR25KLHQWNEKUON4FCQ6O7Y5","type":null,"size":4747221,"referenceId":"01D6UVHSOX5DG5RX522VGYFCV365U3UBU3","driveId":"b!7qg8FsnQY0iiT36_x6Novv_3J9v4MtxPsytkCbb-ZPz3ScQFcxKeSqI2jw7AAtnZ","status":1,"uploadSessionUrl":null}] | V93: {=-eLVA1H2E0eBtAyVRd26psgADZLs} -> #NAME? | AC93: Man : Methode : Materials : Machine/Jig : | AI93: 1. 2. 3. 4. 5. | AJ93: GAP cannot be detected by feeler gauge | AM93: Additional Physical Check by Tapping Plate Peeler | AN93: Nazar Bagus H.
A94: AR250304081931 | B94: RP250304025103 | C94: 45720 | D94: 45720 | E94: Takatsu-4 Peeler | H94: TKSAL-024 | I94: Shutter Check NG | K94: Shutter Check Noise | M94: Operator | N94: MA09-PG Adjustment [Setting 1] | O94: During PG Inspection | R94: Still analize | S94: Found Shutter Check NG JIG 2 Hole 1 (<210 Kpa) Only -208 Kpa | T94: [{"name":"Shutter Check NG_Nazar Bagus H..png","link":"https://epsongroup-my.sharepoint.com/personal/brian_ramdhani_epson_co_id/Documents/Apps/Microsoft%20Forms/TAKATSU%20ANALYZE%20REPORT/Question/Shutter%20Check%20NG_Nazar%20Bagus%20H..png","id":"01D6UVHSI6EJ3AABUM4JGI5IFKSPCB5JWN","type":null,"size":5136775,"referenceId":"01D6UVHSOX5DG5RX522VGYFCV365U3UBU3","driveId":"b!7qg8FsnQY0iiT36_x6Novv_3J9v4MtxPsytkCbb-ZPz3ScQFcxKeSqI2jw7AAtnZ","status":1,"uploadSessionUrl":null}] | V94: PjEzefZSM06AH0m8Mo_4s8gAGhBv | AC94: Man : Methode : Materials : Machine/Jig : | AI94: 1. 2. 3. 4. 5. | AJ94: Packing Chamber slight imposition that makes any air leakage. | AM94: Change Chamber (Pad) any re-Calibrate Machine. | AN94: Nazar Bagus H.
A95: AR250304011247 | B95: RP250306115846 | C95: 45720 | D95: 45722 | E95: Takatsu-8 Autocutter | H95: TKSAL-002 | I95: Abnormal Noise | K95: Abnormal Noise | M95: Operator | N95: MA09-PG Adjustment [Setting 1] | O95: During Platen Fan Adjustment | R95: Saat Platen dan adjustment | S95: During platen fan adjustment in PG Stage, found noise in platen unit area | T95: [{"name":"False Reject_Zainul Muttaqin.png","link":"https://epsongroup-my.sharepoint.com/personal/brian_ramdhani_epson_co_id/Documents/Apps/Microsoft%20Forms/TAKATSU%20ANALYZE%20REPORT/Question/False%20Reject_Zainul%20Muttaqin.png","id":"01D6UVHSOW7NW26KNS2VH2HZZIQ665QTXD","type":null,"size":1313,"referenceId":"01D6UVHSOX5DG5RX522VGYFCV365U3UBU3","driveId":"b!7qg8FsnQY0iiT36_x6Novv_3J9v4MtxPsytkCbb-ZPz3ScQFcxKeSqI2jw7AAtnZ","status":1,"uploadSessionUrl":null}] | V95: GeUAZOD65UaBVL2QDyVPK8gAPwvG | AC95: Man : Methode : Materials : Machine/Jig : | AI95: 1. 2. 3. 4. 5. | AJ95: False reject | AM95: False reject, continue production process | AN95: Zainul Muttaqin
A96: AR250305081744 | B96: RP250320085112 | C96: 45721 | D96: 45736 | E96: Takatsu-8 Autocutter | H96: TKSAL-028 | I96: d Cannot Adjust | K96: Abnormal BID | M96: Leader | N96: MA10-Printing | O96: During Printing Inspection | R96: Jig 07 | S96: Found thin Line on BiD Result | T96: [{"name":"BID VSD3 NG_Nazar Bagus H. 1.jpg","link":"https://epsongroup-my.sharepoint.com/personal/brian_ramdhani_epson_co_id/Documents/Apps/Microsoft%20Forms/TAKATSU%20ANALYZE%20REPORT/Question/BID%20VSD3%20NG_Nazar%20Bagus%20H.%201.jpg","id":"01D6UVHSKJJFDFOUV4UZGKP3345FCR3H4L","type":null,"size":527655,"referenceId":"01D6UVHSOX5DG5RX522VGYFCV365U3UBU3","driveId":"b!7qg8FsnQY0iiT36_x6Novv_3J9v4MtxPsytkCbb-ZPz3ScQFcxKeSqI2jw7AAtnZ","status":1,"uploadSessionUrl":null}] | V96: Ev1tY4C1AECrZU7jWE-aMsgAKO3o | AC96: Man : Methode : Materials : Machine/Jig : | AI96: 1. 2. 3. 4. 5. | AJ96: False Reject | AM96: Not NG | AN96: Nazar Bagus H.
A97: AR250305125834 | B97: RP250306120214 | C97: 45721 | D97: 45722 | E97: Takatsu-8 Autocutter | H97: TKSAL-002 | I97: Abnormal Noise | K97: Noise | M97: Operator | N97: MA10-Printing | O97: During Cutting Paper in Printing Stage | R97: Saat proses fugtion | S97: During cutting paper use Auto Cutter Unit, found noise in Auto Cutter Unit area | T97: [{"name":"False Reject_Zainul Muttaqin 1.png","link":"https://epsongroup-my.sharepoint.com/personal/brian_ramdhani_epson_co_id/Documents/Apps/Microsoft%20Forms/TAKATSU%20ANALYZE%20REPORT/Question/False%20Reject_Zainul%20Muttaqin%201.png","id":"01D6UVHSJLLJYFSJ6GGFEK2QAGIRC2W5EP","type":null,"size":1313,"referenceId":"01D6UVHSOX5DG5RX522VGYFCV365U3UBU3","driveId":"b!7qg8FsnQY0iiT36_x6Novv_3J9v4MtxPsytkCbb-ZPz3ScQFcxKeSqI2jw7AAtnZ","status":1,"uploadSessionUrl":null}] | V97: vyhUNnZS2EipXxs8htQMXcgAGQnm | AC97: Man : Methode : Materials : Machine/Jig : | AI97: 1. 2. 3. 4. 5. | AJ97: False reject | AM97: False reject, continue normal process | AN97: Zainul Muttaqin
A98: AR250306074611 | B98: RP250306112930 | C98: 45722 | D98: 45722 | E98: Takatsu-8 Autocutter | H98: TKSFE-007 | I98: Fatal Error 004417 | K98: Fatal error 004417 | M98: Operator | N98: MA09-PG Adjustment [Setting 1] | O98: Missing check at PH 1 during joint FFC Cable Head to Mechanism | R98: Setelah power on | S98: When mechanism initial process find Error information Fatal Error 004417 | T98: [{"name":"FE004417_Rio Rizki Khanigia.jpg","link":"https://epsongroup-my.sharepoint.com/personal/brian_ramdhani_epson_co_id/Documents/Apps/Microsoft%20Forms/TAKATSU%20ANALYZE%20REPORT/Question/FE004417_Rio%20Rizki%20Khanigia.jpg","id":"01D6UVHSMKRBFODKLBCNF27A46XTOZHKTE","type":null,"size":139896,"referenceId":"01D6UVHSOX5DG5RX522VGYFCV365U3UBU3","driveId":"b!7qg8FsnQY0iiT36_x6Novv_3J9v4MtxPsytkCbb-ZPz3ScQFcxKeSqI2jw7AAtnZ","status":1,"uploadSessionUrl":null}] | V98: VOuTeOA-lEGeFtJY6ilUoMgACOzr | AC98: Man : Methode : Materials : Machine/Jig : | AI98: 1. 2. 3. 4. 5. | AJ98: Problem Part from Vendor (Totoku) | AM98: Segregate all Stock WIP. Part Level, Pn/n : 0/60. WIP Mechanism, Pn/n: 0/5. | AN98: Rio Rizki Khanigia
A99: AR250306104138 | B99: RP250307012525 | C99: 45722 | D99: 45723 | E99: Takatsu-8 Autocutter | H99: TKSAL-013 | I99: Ink End Sensor NG | K99: Spring cek ng | M99: Operator | N99: MA11-Discharge | O99: During Discharge Process | R99: Saat proses ink discharge | S99: When end of discharge process, found IES Spring Check 1 NG | T99: [{"name":"IES Spring Check NG_Zainul Muttaqin.jpg","link":"https://epsongroup-my.sharepoint.com/personal/brian_ramdhani_epson_co_id/Documents/Apps/Microsoft%20Forms/TAKATSU%20ANALYZE%20REPORT/Question/IES%20Spring%20Check%20NG_Zainul%20Muttaqin.jpg","id":"01D6UVHSMFBWCTMXUK65CZTWMRFC4SJ3SX","type":null,"size":141834,"referenceId":"01D6UVHSOX5DG5RX522VGYFCV365U3UBU3","driveId":"b!7qg8FsnQY0iiT36_x6Novv_3J9v4MtxPsytkCbb-ZPz3ScQFcxKeSqI2jw7AAtnZ","status":1,"uploadSessionUrl":null}] | V99: SZe6eCrUiU-llcNe-5pdm8gAMOiT | AC99: Man : Methode : Materials : Machine/Jig : | AI99: 1. 2. 3. 4. 5. | AJ99: Direct cause IH Unit [Continue analyze] | AM99: Change IH Unit become OK, continue analyze | AN99: Zainul Muttaqin
A100: AR250306010058 | B100: RP250322085033 | C100: 45722 | D100: 45738 | E100: Takatsu-8 Autocutter | H100: TKSAL-010 | I100: DO | K100: DO | M100: Operator | N100: MA10-Printing | O100: During Ink Charge Process in Printing Stage | R100: Jig 05 | S100: During Ink Charge Process until 2.6, found result printing was DO | T100: [{"name":"DO_Zainul Muttaqin 2.png","link":"https://epsongroup-my.sharepoint.com/personal/brian_ramdhani_epson_co_id/Documents/Apps/Microsoft%20Forms/TAKATSU%20ANALYZE%20REPORT/Question/DO_Zainul%20Muttaqin%202.png","id":"01D6UVHSJRAE3QR7VLBZAZYKTV5JPDM5PV","type":null,"size":163030,"referenceId":"01D6UVHSOX5DG5RX522VGYFCV365U3UBU3","driveId":"b!7qg8FsnQY0iiT36_x6Novv_3J9v4MtxPsytkCbb-ZPz3ScQFcxKeSqI2jw7AAtnZ","status":1,"uploadSessionUrl":null}] | V100: fF-tHnSHHEmoaDaQjQCTVsgANPO6 | AC100: Man : Methode : Materials : Machine/Jig : | AD100: DO | AE100: Possibility Foreign Material on Print Head | AF100: Still analyze | AI100: 1. DO 2. Possibility Foreign Material on Print Head 3. Still analyze 4. 5. | AJ100: Possibility any foreign material on inside area of PH | AM100: Change PH and return to PH Department to continue deep analyze | AN100: Zainul Muttaqin
A101: AR250307075619 | B101: RP250307104301 | C101: 45723 | D101: 45723 | E101: Takatsu-8 Peeler | H101: TKSAL-013 | I101: Ink End Sensor NG | K101: saat proses discharge | M101: Operator | N101: MA11-Discharge | O101: During Discharge Process | R101: Still analize | S101: When end of discharge process, found IES Spring Check 1 NG | T101: [{"name":"False Reject_Zainul Muttaqin 2.png","link":"https://epsongroup-my.sharepoint.com/personal/brian_ramdhani_epson_co_id/Documents/Apps/Microsoft%20Forms/TAKATSU%20ANALYZE%20REPORT/Question/False%20Reject_Zainul%20Muttaqin%202.png","id":"01D6UVHSMQCQMNMDMECNBZ7PM6CK3LNUM7","type":null,"size":1313,"referenceId":"01D6UVHSOX5DG5RX522VGYFCV365U3UBU3","driveId":"b!7qg8FsnQY0iiT36_x6Novv_3J9v4MtxPsytkCbb-ZPz3ScQFcxKeSqI2jw7AAtnZ","status":1,"uploadSessionUrl":null}] | V101: 9NbGtgdU8k6uDY06jZg6x8gAKefq | AC101: Man : Methode : Materials : Machine/Jig : | AI101: 1. 2. 3. 4. 5. | AJ101: False reject | AM101: False reject, continue normal process | AN101: Zainul Muttaqin
A102: AR250307124007 | B102: RP250322084219 | C102: 45723 | D102: 45738 | E102: Takatsu-8 Peeler | H102: TKSAL-010 | I102: DO | K102: DO | M102: Operator | N102: MA10-Printing | O102: During Ink Charge Process in Printing Stage | R102: DO after wiping still NG | S102: During Initial Charge until 2.6 found result printing was DO | T102: [{"name":"DO_Zainul Muttaqin.png","link":"https://epsongroup-my.sharepoint.com/personal/brian_ramdhani_epson_co_id/Documents/Apps/Microsoft%20Forms/TAKATSU%20ANALYZE%20REPORT/Question/DO_Zainul%20Muttaqin.png","id":"01D6UVHSMQ2UPFTOPADFAL4UAZTXXXYA26","type":null,"size":163030,"referenceId":"01D6UVHSOX5DG5RX522VGYFCV365U3UBU3","driveId":"b!7qg8FsnQY0iiT36_x6Novv_3J9v4MtxPsytkCbb-ZPz3ScQFcxKeSqI2jw7AAtnZ","status":1,"uploadSessionUrl":null}] | V102: qGNl_tRGvk2vG8ASKBnzt8gAMkQx | AC102: Man : Methode : Materials : Machine/Jig : | AD102: DO | AE102: Possibility Foreign Material on Print Head | AF102: Still analyze | AI102: 1. DO 2. Possibility Foreign Material on Print Head 3. Still analyze 4. 5. | AJ102: Possibility Foreign Material on Print Head | AM102: Change PH and return to PH Department to continue deep analyze | AN102: Zainul Muttaqin
A103: AR250310083448 | B103: RP250310092024 | C103: 45726 | D103: 45726 | E103: Takatsu-4 Autocutter | H103: TKSAL-005 | I103: Abnormal Power On | K103: Abnormal Paper Loading | M103: Operator | N103: MA10-CID Printing | O103: During Initial Power ON | R103: JIG 07 | S103: During initial power ON in Printing Stage, found Panel Loading | T103: [{"name":"Panel Loading - CSIC Not Full Insert_Zainul Muttaqin.png","link":"https://epsongroup-my.sharepoint.com/personal/brian_ramdhani_epson_co_id/Documents/Apps/Microsoft%20Forms/TAKATSU%20ANALYZE%20REPORT/Question/Panel%20Loading%20-%20CSIC%20Not%20Full%20Insert_Zainul%20Muttaqin.png","id":"01D6UVHSNP42SRNIH44RDY2JX7DEA3C5MA","type":null,"size":288336,"referenceId":"01D6UVHSOX5DG5RX522VGYFCV365U3UBU3","driveId":"b!7qg8FsnQY0iiT36_x6Novv_3J9v4MtxPsytkCbb-ZPz3ScQFcxKeSqI2jw7AAtnZ","status":1,"uploadSessionUrl":null}] | V103: GGJbFO8kwkGnR8WYTD6It8gAOib0 | AC103: Man : Methode : Materials : Machine/Jig : | AI103: 1. 2. 3. 4. 5. | AJ103: CSIC I/C Y not full insert | AM103: Push CSIC I/C Y, become OK | AN103: Zainul Muttaqin
A104: AR250310084815 | B104: RP250320085425 | C104: 45726 | D104: 45736 | E104: Takatsu-4 Autocutter | H104: TKSAL-027 | I104: Unstable Printing | K104: Unstable Printing | M104: Operator | N104: MA10-Printing | O104: During Printing Inspection | R104: JIG 02 | S104: During Initial Ink Charge, found printing result Unstable | T104: [{"name":"False Reject_Nazar Bagus H. 11.PNG","link":"https://epsongroup-my.sharepoint.com/personal/brian_ramdhani_epson_co_id/Documents/Apps/Microsoft%20Forms/TAKATSU%20ANALYZE%20REPORT/Question/False%20Reject_Nazar%20Bagus%20H.%2011.PNG","id":"01D6UVHSJ5NYEANBRGWFDYVPTGGQWKKJNC","type":null,"size":1313,"referenceId":"01D6UVHSOX5DG5RX522VGYFCV365U3UBU3","driveId":"b!7qg8FsnQY0iiT36_x6Novv_3J9v4MtxPsytkCbb-ZPz3ScQFcxKeSqI2jw7AAtnZ","status":1,"uploadSessionUrl":null}] | V104: RBfbHBJTw0mS4YQXFIYtY8gAJwMi | AC104: Man : Methode : Materials : Machine/Jig : | AI104: 1. 2. 3. 4. 5. | AJ104: After Vacuum and Wiping in Repair Print Head can be Recovered | AM104: Wiping and Vacuum in Repair | AN104: Nazar Bagus H.
A105: AR250311081549 | B105: RP250322082619 | C105: 45727 | D105: 45738 | E105: Takatsu-4 Autocutter | H105: TKSAL-013 | I105: Ink End Sensor NG | K105: Spring cek ng | M105: Operator | N105: MA11-Discharge | O105: During Discharge Process | R105: Saat proses ink discharge | S105: During discharge process in Discharge Stage, found IES Check NG [End process of discharge] | T105: [{"name":"IES Check NG_Zainul Muttaqin.png","link":"https://epsongroup-my.sharepoint.com/personal/brian_ramdhani_epson_co_id/Documents/Apps/Microsoft%20Forms/TAKATSU%20ANALYZE%20REPORT/Question/IES%20Check%20NG_Zainul%20Muttaqin.png","id":"01D6UVHSJEV4OWM3CCKRD2UFWQ7BQH5PCY","type":null,"size":384117,"referenceId":"01D6UVHSOX5DG5RX522VGYFCV365U3UBU3","driveId":"b!7qg8FsnQY0iiT36_x6Novv_3J9v4MtxPsytkCbb-ZPz3ScQFcxKeSqI2jw7AAtnZ","status":1,"uploadSessionUrl":null}] | V105: v6GzrToS9EiD4f6DF0iik8gADUrH | Y105: No Changes | Z105: No Changes | AA105: No Changes | AB105: No Changes | AC105: Man :No Changes Methode :No Changes Materials :No Changes Machine/Jig :No Changes | AD105: Ink End Sensor NG | AE105: IH Unit NG | AF105: Still advanced analyze | AI105: 1. Ink End Sensor NG 2. IH Unit NG 3. Still advanced analyze 4. 5. | AJ105: IH Unit NG --> Still analyze | AM105: 1. Continue monitoring NG ID 1[6] Check Spring of Ink Holder Unit Error, 2. Additional 1x IES Spring Check at Discharge Stage after finish Ink Discharge Stage, 3. Inform to SEC after monitoring data finish. | AN105: Zainul Muttaqin
A106: AR250312074350 | B106: RP250312104817 | C106: 45728 | D106: 45728 | E106: Takatsu-8 Peeler | H106: TKSAL-017 | I106: Paper Jam | K106: PAPER JAM | M106: Operator | N106: MA09-PG Adjustment [Setting 1] | O106: During PG Inspection | R106: saat proses label sensor calibration | S106: During Label Sensor Calibration Check on Stage PG, appear Paper Jam Error | T106: [{"name":"FFC Peeler Peeled off (Paper Jam).jpg_Nazar Bagus H..png","link":"https://epsongroup-my.sharepoint.com/personal/brian_ramdhani_epson_co_id/Documents/Apps/Microsoft%20Forms/TAKATSU%20ANALYZE%20REPORT/Question/FFC%20Peeler%20Peeled%20off%20(Paper%20Jam).jpg_Nazar%20Bagus%20H..png","id":"01D6UVHSNILLFFYL2QHNEYL57U7O4PPS4T","type":null,"size":4608351,"referenceId":"01D6UVHSOX5DG5RX522VGYFCV365U3UBU3","driveId":"b!7qg8FsnQY0iiT36_x6Novv_3J9v4MtxPsytkCbb-ZPz3ScQFcxKeSqI2jw7AAtnZ","status":1,"uploadSessionUrl":null}] | V106: ilTbgwJV80-1D8HK6_RtIMgAGtMi | AC106: Man : Methode : Materials : Machine/Jig : | AI106: 1. 2. 3. 4. 5. | AJ106: FFC Peeler Peeled Off | AM106: Change FFC Peeler and check stock WIP | AN106: Nazar Bagus H.
A107: AR250312074610 | B107: RP250322083644 | C107: 45728 | D107: 45738 | E107: Takatsu-8 Peeler | H107: Abnormal | I107: Abnormal Indicator Lamp [Orange] | K107: Ink End Sensor NG | M107: Operator | N107: MA09-PG Adjustment [Setting 1] | O107: During Label Calibration in PG Stage | R107: Saat proses label sensor calibration | S107: During label calibration check, found Abnormal Indicator Lamp [Orange] | T107: [{"name":"Abnormal Indicator Lamp_Zainul Muttaqin.jpg","link":"https://epsongroup-my.sharepoint.com/personal/brian_ramdhani_epson_co_id/Documents/Apps/Microsoft%20Forms/TAKATSU%20ANALYZE%20REPORT/Question/Abnormal%20Indicator%20Lamp_Zainul%20Muttaqin.jpg","id":"01D6UVHSNXE3P6RS3W6NF3NDUNERPXCUH2","type":null,"size":62735,"referenceId":"01D6UVHSOX5DG5RX522VGYFCV365U3UBU3","driveId":"b!7qg8FsnQY0iiT36_x6Novv_3J9v4MtxPsytkCbb-ZPz3ScQFcxKeSqI2jw7AAtnZ","status":1,"uploadSessionUrl":null}] | V107: teuxwFJDqUOnBzLy_cvLMcgAGgIF | AC107: Man : Methode : Materials : Machine/Jig : | AD107: Abnormal Indicator Lamp | AE107: Panel Unit NG | AF107: Still analyze | AI107: 1. Abnormal Indicator Lamp 2. Panel Unit NG 3. Still analyze 4. 5. | AJ107: Panel Unit NG --> Still analyze and monitoring | AM107: Change platen unit become OK, still analyze and monitoring | AN107: Zainul Muttaqin
A108: AR250313022416 | B108: RP250322081525 | C108: 45729 | D108: 45738 | E108: Takatsu-8 Autocutter | H108: Fatal Err | I108: Fatal Error 5834 [Platen Shutter Overload Error] | K108: Fatal error 5834 | M108: Operator | N108: MA09-PG Adjustment [Setting 1] | O108: During Initial Power ON product in PG Stage | R108: Saat power on | S108: During initial power ON product in PG Stage, found FE 5834 [Platen Shutter Overload Error] | T108: [{"name":"FE 5834_Zainul Muttaqin.png","link":"https://epsongroup-my.sharepoint.com/personal/brian_ramdhani_epson_co_id/Documents/Apps/Microsoft%20Forms/TAKATSU%20ANALYZE%20REPORT/Question/FE%205834_Zainul%20Muttaqin.png","id":"01D6UVHSN7QG3HFWHDJRB26QCC7H6TRNLM","type":null,"size":115365,"referenceId":"01D6UVHSOX5DG5RX522VGYFCV365U3UBU3","driveId":"b!7qg8FsnQY0iiT36_x6Novv_3J9v4MtxPsytkCbb-ZPz3ScQFcxKeSqI2jw7AAtnZ","status":1,"uploadSessionUrl":null}] | V108: sWjR8tGEOke-1L1m8uy4LcgANEf- | AC108: Man : Methode : Materials : Machine/Jig : | AD108: FE 005834 | AE108: Platen Unit NG | AF108: Motor Shutter Encoder NG | AI108: 1. FE 005834 2. Platen Unit NG 3. Motor Shutter Encoder NG 4. 5. | AJ108: Motor shutter encoder NG | AM108: Change motor shutter encoder become OK, monitoring this defect | AN108: Zainul Muttaqin
A109: AR250314013447 | B109: RP250322081839 | C109: 45730 | D109: 45738 | E109: Takatsu-4 Autocutter | H109: TKSAL-007 | I109: CSIC Check NG | K109: Mtc box cek ng | M109: Operator | N109: MA09-PG Adjustment [Setting 1] | O109: During Initial Power ON product in PG Stage | R109: Saat power on | S109: During initial power ON product in PG Stage, MTC Box can not detect | T109: [{"name":"False Reject_Zainul Muttaqin 4.png","link":"https://epsongroup-my.sharepoint.com/personal/brian_ramdhani_epson_co_id/Documents/Apps/Microsoft%20Forms/TAKATSU%20ANALYZE%20REPORT/Question/False%20Reject_Zainul%20Muttaqin%204.png","id":"01D6UVHSPY5PRQUBHZCNAZIJXHW6KO3MQO","type":null,"size":1313,"referenceId":"01D6UVHSOX5DG5RX522VGYFCV365U3UBU3","driveId":"b!7qg8FsnQY0iiT36_x6Novv_3J9v4MtxPsytkCbb-ZPz3ScQFcxKeSqI2jw7AAtnZ","status":1,"uploadSessionUrl":null}] | V109: HeKPdWsZ0Ei95z_2-swU88gAEIVd | AC109: Man : Methode : Materials : Machine/Jig : | AI109: 1. 2. 3. 4. 5. | AJ109: False reject | AM109: False reject | AN109: Zainul Muttaqin
A110: AR250315072535 | B110: RP250317104248 | C110: 45731 | D110: 45733 | E110: Takatsu-4 Autocutter | H110: TKSAL-002 | I110: Abnormal Noise | K110: Abnormal Noise | M110: Leader | N110: MA10-Printing | O110: During Miss Piping Check | R110: Proses miss Piping | S110: During miss piping check, found noise in MNU area | T110: [{"name":"False Reject_Zainul Muttaqin 3.png","link":"https://epsongroup-my.sharepoint.com/personal/brian_ramdhani_epson_co_id/Documents/Apps/Microsoft%20Forms/TAKATSU%20ANALYZE%20REPORT/Question/False%20Reject_Zainul%20Muttaqin%203.png","id":"01D6UVHSMDYHTSI7QKB5CY5F24IHSSS7QW","type":null,"size":1313,"referenceId":"01D6UVHSOX5DG5RX522VGYFCV365U3UBU3","driveId":"b!7qg8FsnQY0iiT36_x6Novv_3J9v4MtxPsytkCbb-ZPz3ScQFcxKeSqI2jw7AAtnZ","status":1,"uploadSessionUrl":null}] | V110: gLkH-ef8dkKPhbZo2vcKJcgAK7TE | AC110: Man : Methode : Materials : Machine/Jig : | AI110: 1. 2. 3. 4. 5. | AJ110: false reject | AM110: false reject | AN110: Zainul Muttaqin
A111: AR250318093314 | B111: RP250318112720 | C111: 45734 | D111: 45734 | E111: Takatsu-8 Peeler | H111: TKSAL-002 | I111: Abnormal Noise | K111: Abnormal Noise | M111: Operator | N111: MA10-Printing | O111: During Printing | R111: Saat inkcharge | S111: During vacuum paper at platen unit, hear little noise when platen 100% performance | T111: [{"name":"Over Judgement By OP_Rio Rizki Khanigia.jpg","link":"https://epsongroup-my.sharepoint.com/personal/brian_ramdhani_epson_co_id/Documents/Apps/Microsoft%20Forms/TAKATSU%20ANALYZE%20REPORT/Question/Over%20Judgement%20By%20OP_Rio%20Rizki%20Khanigia.jpg","id":"01D6UVHSNWQJJF4YD63FDISHG5ON52JLIC","type":null,"size":34570,"referenceId":"01D6UVHSOX5DG5RX522VGYFCV365U3UBU3","driveId":"b!7qg8FsnQY0iiT36_x6Novv_3J9v4MtxPsytkCbb-ZPz3ScQFcxKeSqI2jw7AAtnZ","status":1,"uploadSessionUrl":null}] | V111: FYCaIuJQVk2AghbFMS3s-sgALQEW | AC111: Man : Methode : Materials : Machine/Jig : | AI111: 1. 2. 3. 4. 5. | AJ111: Arrangement cable Platen unit not good | AM111: re-arrangement platen unit cable | AN111: Rio Rizki Khanigia
A112: AR250325115121 | B112: RP250416084321 | C112: 45741 | D112: 45763 | E112: Takatsu-8 Autocutter | H112: TKSAL-027 | I112: Unstable Printing | K112: Unstable Printing | M112: Operator | N112: MA10-Printing | O112: Diring Check Result Printing | R112: Jig 01 | S112: During printing check after Ink Charge in Printing Stage, found the result printing was Unstable Print | T112: [{"name":"UP_Zainul Muttaqin.jpg","link":"https://epsongroup-my.sharepoint.com/personal/brian_ramdhani_epson_co_id/Documents/Apps/Microsoft%20Forms/TAKATSU%20ANALYZE%20REPORT/Question/UP_Zainul%20Muttaqin.jpg","id":"01D6UVHSP4BQ2U4VBNYVCYMJXMSM2YXOKH","type":null,"size":72772,"referenceId":"01D6UVHSOX5DG5RX522VGYFCV365U3UBU3","driveId":"b!7qg8FsnQY0iiT36_x6Novv_3J9v4MtxPsytkCbb-ZPz3ScQFcxKeSqI2jw7AAtnZ","status":1,"uploadSessionUrl":null}] | V112: Stre1_pe8UaXgK9ceR9VvsgANV3u | AC112: Man : Methode : Materials : Machine/Jig : | AI112: 1. 2. 3. 4. 5. | AJ112: F/M located in areas outside PH | AM112: Try to wiping PH | AN112: Zainul Muttaqin
A113: AR250325115327 | B113: RP250325013156 | C113: 45741 | D113: 45741 | E113: Takatsu-8 Autocutter | H113: TKSAL-028 | I113: d Cannot Adjust | K113: Abnormal BID | M113: Operator | N113: MA10-Printing | O113: During Printing Inspection | R113: Jig 02 | S113: Found VSD1 Result Abnormal | T113: [{"name":"False Reject_Nazar Bagus H. 12.PNG","link":"https://epsongroup-my.sharepoint.com/personal/brian_ramdhani_epson_co_id/Documents/Apps/Microsoft%20Forms/TAKATSU%20ANALYZE%20REPORT/Question/False%20Reject_Nazar%20Bagus%20H.%2012.PNG","id":"01D6UVHSOCXKSERCNSGRB255SCQXUEHJBN","type":null,"size":1313,"referenceId":"01D6UVHSOX5DG5RX522VGYFCV365U3UBU3","driveId":"b!7qg8FsnQY0iiT36_x6Novv_3J9v4MtxPsytkCbb-ZPz3ScQFcxKeSqI2jw7AAtnZ","status":1,"uploadSessionUrl":null}] | V113: mGkP82Nhd0ud4-wZnRzBLsgAJTqs | AC113: Man : Methode : Materials : Machine/Jig : | AI113: 1. 2. 3. 4. 5. | AJ113: Operator Insert Wrong Value to Kenpro | AM113: Remind Operator to ensure value are correct during kenpro value insertion | AN113: Nazar Bagus H.
A114: AR250407114027 | B114: RP250407021232 | C114: 45754 | D114: 45754 | E114: Takatsu-4 Autocutter | H114: TKSAL-001 | I114: Abnormal CR Movement | K114: Abnormal CR Movement | M114: Operator | N114: MA09-PG Adjustment [Setting 1] | O114: During Internal Inspection | R114: Still analize | S114: During Initial Power On, Carriage Moving Abnormally | T114: [{"name":"CR Scale UNpost_Nazar Bagus H..png","link":"https://epsongroup-my.sharepoint.com/personal/brian_ramdhani_epson_co_id/Documents/Apps/Microsoft%20Forms/TAKATSU%20ANALYZE%20REPORT/Question/CR%20Scale%20UNpost_Nazar%20Bagus%20H..png","id":"01D6UVHSJE4ZJADXOS7VELYRFJVDC2IE3G","type":null,"size":4279923,"referenceId":"01D6UVHSOX5DG5RX522VGYFCV365U3UBU3","driveId":"b!7qg8FsnQY0iiT36_x6Novv_3J9v4MtxPsytkCbb-ZPz3ScQFcxKeSqI2jw7AAtnZ","status":1,"uploadSessionUrl":null}] | V114: QEVeNLFlL0e5Zl1ALqxu2cgADO2g | AC114: Man : Methode : Materials : Machine/Jig : | AD114: Abnormal CR Movement | AE114: Product Communication Error | AF114: Scale CR Cannot be detected by BAE CR | AG114: Scale CR Unpost | AH114: Assembly Problem (Product Assembly Wije) | AI114: 1. Abnormal CR Movement 2. Product Communication Error 3. Scale CR Cannot be detected by BAE CR 4. Scale CR Unpost 5. Assembly Problem (Product Assembly Wije) | AJ114: Scale CR Unpostition | AM114: Re Assy Scale CR in Line Product become OK | AN114: Nazar Bagus H.
A115: AR250407030705 | B115: RP250416084838 | C115: 45754 | D115: 45763 | E115: Takatsu-4 Autocutter | H115: TKSAL-013 | I115: Ink End Sensor NG | K115: Spring check Ng (sensor 2) | M115: Operator | N115: MA11-Discharge | O115: During discharge process | R115: Still analize | S115: During end of ink discharge process, found Ink End Sensor Check NG | T115: [{"name":"IES Check NG_Zainul Muttaqin 1.png","link":"https://epsongroup-my.sharepoint.com/personal/brian_ramdhani_epson_co_id/Documents/Apps/Microsoft%20Forms/TAKATSU%20ANALYZE%20REPORT/Question/IES%20Check%20NG_Zainul%20Muttaqin%201.png","id":"01D6UVHSMK2XVX5RVHZNHYHTPD6GVMTHUW","type":null,"size":384117,"referenceId":"01D6UVHSOX5DG5RX522VGYFCV365U3UBU3","driveId":"b!7qg8FsnQY0iiT36_x6Novv_3J9v4MtxPsytkCbb-ZPz3ScQFcxKeSqI2jw7AAtnZ","status":1,"uploadSessionUrl":null}] | V115: 2Ly9a-O57k2PAIvzt3GG88gAAWEK | AC115: Man : Methode : Materials : Machine/Jig : | AI115: 1. 2. 3. 4. 5. | AJ115: Retry 10 times become OK | AM115: Retry 10 times become OK, continue production | AN115: Zainul Muttaqin
...

Sheet Sheet2
A1: Defect_Name | B1: Def_ID | C1: Total_Qty | D1: Percentage | E1: Task_ID | F1: Severity | G1: =SUM(C:C) -> 251
A2: DO | B2: TKSAL-010 | C2: =COUNTIF(Table1[Def_ID],B2) -> 29 | D2: =C2/$G$1 -> 0.11553785 | E2: MFd0s0c60UuKz9gykctZ9MgAFpL- | F2: =IF(AND(D2>3%,D2<10%),"High",IF(D2>10%,"Critical","Low")) -> Critical
A3: Abnormal Noise | B3: TKSAL-002 | C3: =COUNTIF(Table1[Def_ID],B3) -> 23 | D3: =C3/$G$1 -> 0.091633466 | F3: =IF(AND(D3>3%,D3<10%),"High",IF(D3>10%,"Critical","Low")) -> High
A4: DMAV | B4: TKSAL-009 | C4: =COUNTIF(Table1[Def_ID],B4) -> 19 | D4: =C4/$G$1 -> 0.075697211 | F4: =IF(AND(D4>3%,D4<10%),"High",IF(D4>10%,"Critical","Low")) -> High
A5: Paper Jam | B5: TKSAL-017 | C5: =COUNTIF(Table1[Def_ID],B5) -> 19 | D5: =C5/$G$1 -> 0.075697211 | F5: =IF(AND(D5>3%,D5<10%),"High",IF(D5>10%,"Critical","Low")) -> High
A6: Unstable Printing | B6: TKSAL-027 | C6: =COUNTIF(Table1[Def_ID],B6) -> 17 | D6: =C6/$G$1 -> 0.067729084 | F6: =IF(AND(D6>3%,D6<10%),"High",IF(D6>10%,"Critical","Low")) -> High
A7: Abnormal Power On | B7: TKSAL-005 | C7: =COUNTIF(Table1[Def_ID],B7) -> 13 | D7: =C7/$G$1 -> 0.051792829 | F7: =IF(AND(D7>3%,D7<10%),"High",IF(D7>10%,"Critical","Low")) -> High
A8: Abnormal PGU Movement | B8: TKSAL-004 | C8: =COUNTIF(Table1[Def_ID],B8) -> 11 | D8: =C8/$G$1 -> 0.043824701 | E8: 2Bxf-I2UBU2DtuoOzc2cjMgAGyar | F8: =IF(AND(D8>3%,D8<10%),"High",IF(D8>10%,"Critical","Low")) -> High
A9: Printing Noise | B9: TKSAL-022 | C9: =COUNTIF(Table1[Def_ID],B9) -> 10 | D9: =C9/$G$1 -> 0.039840637 | F9: =IF(AND(D9>3%,D9<10%),"High",IF(D9>10%,"Critical","Low")) -> High
A10: Shutter Check Noise | B10: TKSAL-025 | C10: =COUNTIF(Table1[Def_ID],B10) -> 10 | D10: =C10/$G$1 -> 0.039840637 | F10: =IF(AND(D10>3%,D10<10%),"High",IF(D10>10%,"Critical","Low")) -> High
A11: Fatal Error 5853 | B11: TKSFE-007 | C11: =COUNTIF(Table1[Def_ID],B11) -> 9 | D11: =C11/$G$1 -> 0.035856574 | F11: =IF(AND(D11>3%,D11<10%),"High",IF(D11>10%,"Critical","Low")) -> High
A12: No Power | B12: TKSAL-016 | C12: =COUNTIF(Table1[Def_ID],B12) -> 8 | D12: =C12/$G$1 -> 0.03187251 | F12: =IF(AND(D12>3%,D12<10%),"High",IF(D12>10%,"Critical","Low")) -> High
A13: Ink End Sensor NG | B13: TKSAL-013 | C13: =COUNTIF(Table1[Def_ID],B13) -> 8 | D13: =C13/$G$1 -> 0.03187251 | F13: =IF(AND(D13>3%,D13<10%),"High",IF(D13>10%,"Critical","Low")) -> High
A14: Initial Setting NG | B14: TKSAL-011 | C14: =COUNTIF(Table1[Def_ID],B14) -> 8 | D14: =C14/$G$1 -> 0.03187251 | F14: =IF(AND(D14>3%,D14<10%),"High",IF(D14>10%,"Critical","Low")) -> High
A15: Abnormal Paper Loading | B15: TKSAL-003 | C15: =COUNTIF(Table1[Def_ID],B15) -> 7 | D15: =C15/$G$1 -> 0.027888446 | F15: =IF(AND(D15>3%,D15<10%),"High",IF(D15>10%,"Critical","Low")) -> Low
A16: CSIC Check NG | B16: TKSAL-007 | C16: =COUNTIF(Table1[Def_ID],B16) -> 7 | D16: =C16/$G$1 -> 0.027888446 | F16: =IF(AND(D16>3%,D16<10%),"High",IF(D16>10%,"Critical","Low")) -> Low
A17: DMAH | B17: TKSAL-008 | C17: =COUNTIF(Table1[Def_ID],B17) -> 7 | D17: =C17/$G$1 -> 0.027888446 | F17: =IF(AND(D17>3%,D17<10%),"High",IF(D17>10%,"Critical","Low")) -> Low
A18: CR Measurement NG | B18: TKSAL-006 | C18: =COUNTIF(Table1[Def_ID],B18) -> 6 | D18: =C18/$G$1 -> 0.023904382 | F18: =IF(AND(D18>3%,D18<10%),"High",IF(D18>10%,"Critical","Low")) -> Low
A19: Peeler Measurement NG | B19: TKSAL-018 | C19: =COUNTIF(Table1[Def_ID],B19) -> 4 | D19: =C19/$G$1 -> 0.015936255 | F19: =IF(AND(D19>3%,D19<10%),"High",IF(D19>10%,"Critical","Low")) -> Low
A20: Smear Print | B20: TKSAL-026 | C20: =COUNTIF(Table1[Def_ID],B20) -> 4 | D20: =C20/$G$1 -> 0.015936255 | F20: =IF(AND(D20>3%,D20<10%),"High",IF(D20>10%,"Critical","Low")) -> Low
... A41: Fatal Error 5834 | B41: TKSFE-008 | C41: =COUNTIF(Table1[Def_ID],B41) -> 0 | D41: =C41/$G$1 -> 0 | F41: =IF(AND(D41>3%,D41<10%),"High",IF(D41>10%,"Critical","Low")) -> Low
C42: =COUNTIF(Table1[Def_ID],B42) -> 0 | D42: =C42/$G$1 -> 0
C43: =COUNTIF(Table1[Def_ID],B43) -> 0 | D43: =C43/$G$1 -> 0
C44: =COUNTIF(Table1[Def_ID],B44) -> 0 | D44: =C44/$G$1 -> 0
C45: =COUNTIF(Table1[Def_ID],B45) -> 0 | D45: =C45/$G$1 -> 0
C46: =COUNTIF(Table1[Def_ID],B46) -> 0 | D46: =C46/$G$1 -> 0

Sheet Sheet3
A1: RCA No | B1: Request No | C1: Date_of_Request | D1: Date_of_Report | E1: Model | F1: Def_ID | G1: Official_Defect_Name | H1: Defect Name | I1: Severity_Level | J1: Detect_By | K1: Stage | L1: During_Process | M1: How_Much | N1: Main_Impact | O1: Phenomenon | P1: Verify Phenomenon | Q1: Link Photo of Phenomenon | R1: Url Photo | S1: Task Id | T1: Analyze_Process | U1: Part_Replacement | V1: 4M_Potential_Cause | W1: 5-Why_Analyze | X1: Root Cause | Y1: Corrective_Action | Z1: Preventive_Action | AA1: Action Item | AB1: Created By
B2: AR250106074235 | C2: 45663 | E2: Takatsu-8 Peeler | F2: TKSAL-023 | G2: Printing Skew | H2: Printing Skew | I2: Low | J2: Operator | K2: STG PRINTING | O2: Jig 05 | P2: Skew during printing on peeler | Q2: [{"name":"skew printing_Nazar Bagus H..png","link":"https://epsongroup-my.sharepoint.com/personal/brian_ramdhani_epson_co_id/Documents/Apps/Microsoft%20Forms/TAKATSU%20ANALYZE%20REPORT/Question/skew%20printing_Nazar%20Bagus%20H..png","id":"01D6UVHSPS33Y4BWTZFBEKYB65OMZCSYMN","type":null,"size":263423,"referenceId":"01D6UVHSOX5DG5RX522VGYFCV365U3UBU3","driveId":"b!7qg8FsnQY0iiT36_x6Novv_3J9v4MtxPsytkCbb-ZPz3ScQFcxKeSqI2jw7AAtnZ","status":1,"uploadSessionUrl":null}] | R2: https://epsongroup-my.sharepoint.com/personal/brian_ramdhani_epson_co_id/Documents/Apps/Microsoft%20Forms/TAKATSU%20ANALYZE%20REPORT/Question/skew%20printing_Nazar%20Bagus%20H..png | S2: dHrh6qQXjUi6VDHBsF4FJcgADdUe | X2: Frame Peeler Char CL&CM NG | AA2: Temporary bending manually frame peeler until OK. Permanent A/I improve char | AB2: Nazar Bagus H.
B3: AR250106080119 | C3: 45663 | E3: Takatsu-8 Peeler | F3: TKSAL-023 | G3: Printing Skew | H3: Printing Skew | I3: Low | J3: Operator | K3: PRINTING | O3: Jig 01 | P3: Skew during printing on peeler | Q3: [{"name":"skew printing_Nazar Bagus H. 1.png","link":"https://epsongroup-my.sharepoint.com/personal/brian_ramdhani_epson_co_id/Documents/Apps/Microsoft%20Forms/TAKATSU%20ANALYZE%20REPORT/Question/skew%20printing_Nazar%20Bagus%20H.%201.png","id":"01D6UVHSMIQONQT5OK6JE3UY7UG3GF4ZYM","type":null,"size":263423,"referenceId":"01D6UVHSOX5DG5RX522VGYFCV365U3UBU3","driveId":"b!7qg8FsnQY0iiT36_x6Novv_3J9v4MtxPsytkCbb-ZPz3ScQFcxKeSqI2jw7AAtnZ","status":1,"uploadSessionUrl":null}] | R3: https://epsongroup-my.sharepoint.com/personal/brian_ramdhani_epson_co_id/Documents/Apps/Microsoft%20Forms/TAKATSU%20ANALYZE%20REPORT/Question/skew%20printing_Nazar%20Bagus%20H.%201.png | S3: wGCa2G6fmECO0uLonVNv2cgADOZq | X3: Frame Peeler char CL&CM NG | AA3: Bending Manually until OK. Temporary A/I improve char CL&CM | AB3: Nazar Bagus H.
B4: AR250110113540 | C4: 45667 | E4: Takatsu-8 Peeler | F4: TKSAL-023 | G4: Printing Skew | H4: Printing Skew | I4: Low | J4: Operator | K4: PRINTING | O4: Saat proses print 3,5(1st) | P4: During paper loading with print menu 3.5 (1st), found paper become floating | Q4: [{"name":"Abnormal Loading_Zainul Muttaqin.png","link":"https://epsongroup-my.sharepoint.com/personal/brian_ramdhani_epson_co_id/Documents/Apps/Microsoft%20Forms/TAKATSU%20ANALYZE%20REPORT/Question/Abnormal%20Loading_Zainul%20Muttaqin.png","id":"01D6UVHSJOGD2P25AVKNAYQ56PA46WKLW3","type":null,"size":166771,"referenceId":"01D6UVHSOX5DG5RX522VGYFCV365U3UBU3","driveId":"b!7qg8FsnQY0iiT36_x6Novv_3J9v4MtxPsytkCbb-ZPz3ScQFcxKeSqI2jw7AAtnZ","status":1,"uploadSessionUrl":null}] | R4: https://epsongroup-my.sharepoint.com/personal/brian_ramdhani_epson_co_id/Documents/Apps/Microsoft%20Forms/TAKATSU%20ANALYZE%20REPORT/Question/Abnormal%20Loading_Zainul%20Muttaqin.png | S4: qfacB2nhRkuSYIwArCR37sgAPS1b | X4: Sheet peeler antistatic not neat, assembly by OPR | AA4: Reminding and retraining OPR must be follow SWP dueing assembly | AB4: Zainul Muttaqin
B5: AR250203014425 | C5: 45691 | E5: Takatsu-4 Autocutter | F5: TKSAL-023 | G5: Printing Skew | H5: Printing Skew | I5: Low | J5: Operator | K5: PRINTING | O5: Jig 05 -- produk after change ph | P5: During Head Incline, Value NG Max | Q5: [{"name":"False Reject_Nazar Bagus H. 2.PNG","link":"https://epsongroup-my.sharepoint.com/personal/brian_ramdhani_epson_co_id/Documents/Apps/Microsoft%20Forms/TAKATSU%20ANALYZE%20REPORT/Question/False%20Reject_Nazar%20Bagus%20H.%202.PNG","id":"01D6UVHSN4AIP4MBZAENE2H6MHOAG37II7","type":null,"size":1313,"referenceId":"01D6UVHSOX5DG5RX522VGYFCV365U3UBU3","driveId":"b!7qg8FsnQY0iiT36_x6Novv_3J9v4MtxPsytkCbb-ZPz3ScQFcxKeSqI2jw7AAtnZ","status":1,"uploadSessionUrl":null}] | R5: https://epsongroup-my.sharepoint.com/personal/brian_ramdhani_epson_co_id/Documents/Apps/Microsoft%20Forms/TAKATSU%20ANALYZE%20REPORT/Question/False%20Reject_Nazar%20Bagus%20H.%202.PNG | S5: Nd-XY6bdEeJyhP-MzEQNsgAKXmV | X5: Operator at Stage Print Head not Reset Dial Katamuki Position after change print Head | AA5: Re-Assy Print Head become OK | AB5: Nazar Bagus H.
B6: AR250203113905 | C6: 45691 | E6: Takatsu-8 Peeler | F6: TKSAL-023 | G6: Printing Skew | H6: Printing Skew | I6: Low | J6: Operator | K6: PRINTING | O6: Saat print cek 3,5 (1st) | P6: During the printer was run with menu print check 3.5, found 1st dot NG | Q6: [{"name":"1st dot_Zainul Muttaqin.png","link":"https://epsongroup-my.sharepoint.com/personal/brian_ramdhani_epson_co_id/Documents/Apps/Microsoft%20Forms/TAKATSU%20ANALYZE%20REPORT/Question/1st%20dot_Zainul%20Muttaqin.png","id":"01D6UVHSJJ75CFSUUBHZH2NZPECQCIPMIC","type":null,"size":78082,"referenceId":"01D6UVHSOX5DG5RX522VGYFCV365U3UBU3","driveId":"b!7qg8FsnQY0iiT36_x6Novv_3J9v4MtxPsytkCbb-ZPz3ScQFcxKeSqI2jw7AAtnZ","status":1,"uploadSessionUrl":null}] | R6: https://epsongroup-my.sharepoint.com/personal/brian_ramdhani_epson_co_id/Documents/Apps/Microsoft%20Forms/TAKATSU%20ANALYZE%20REPORT/Question/1st%20dot_Zainul%20Muttaqin.png | S6: aGi3e64uyk-gM4CV9cSnBsgAGj6e | X6: Measurement plat peeler with Dial Gauge more than 0.03 mm [SA] | AA6: Retraining and reminding OPR, to ensure must be calibration [left 0, right 0] before use dial indicator. | AB6: Zainul Muttaqin
B7: AR250204090748 | C7: 45692 | E7: Takatsu-8 Peeler | F7: TKSAL-023 | G7: Printing Skew | H7: Printing Skew | I7: Low | J7: Operator | K7: PRINTING | O7: Saat proses print 3,5(2nd) | P7: Paper Skew During Print Check 3.5 1st | Q7: [{"name":"Peeler Open not_Nazar Bagus H..jpg","link":"https://epsongroup-my.sharepoint.com/personal/brian_ramdhani_epson_co_id/Documents/Apps/Microsoft%20Forms/TAKATSU%20ANALYZE%20REPORT/Question/Peeler%20Open%20not_Nazar%20Bagus%20H..jpg","id":"01D6UVHSL3GGCD5FGF2FF2FKIX44NFXKBP","type":null,"size":17798,"referenceId":"01D6UVHSOX5DG5RX522VGYFCV365U3UBU3","driveId":"b!7qg8FsnQY0iiT36_x6Novv_3J9v4MtxPsytkCbb-ZPz3ScQFcxKeSqI2jw7AAtnZ","status":1,"uploadSessionUrl":null}] | R7: https://epsongroup-my.sharepoint.com/personal/brian_ramdhani_epson_co_id/Documents/Apps/Microsoft%20Forms/TAKATSU%20ANALYZE%20REPORT/Question/Peeler%20Open%20not_Nazar%20Bagus%20H..jpg | S7: sPBYuawugEqM2UcaOfGuG8gADVCk | X7: Peeler Press Unit Not screwed properly | AA7: Change Peeler Press with fresh Part become OK | AB7: Nazar Bagus H.
B8: AR250204110823 | C8: 45692 | E8: Takatsu-4 Peeler | F8: TKSAL-023 | G8: Printing Skew | H8: Printing Skew | I8: Low | J8: Operator | K8: PRINTING | O8: Jig 1 | S8: IcCrn0ei-0SQnU8q3wY8q8gADSno
B9: AR250205044454 | C9: 45693 | E9: Takatsu-8 Autocutter | F9: TKSAL-023 | G9: Printing Skew | H9: Printing Skew | I9: Low | J9: Operator | K9: Printing | O9: Jig 08 | P9: When roll paper loading, paper hit Edge of Plate platen and find paper curl | Q9: [{"name":"Plate Platen Bending_Rio Rizki Khanigia.jpg","link":"https://epsongroup-my.sharepoint.com/personal/brian_ramdhani_epson_co_id/Documents/Apps/Microsoft%20Forms/TAKATSU%20ANALYZE%20REPORT/Question/Plate%20Platen%20Bending_Rio%20Rizki%20Khanigia.jpg","id":"01D6UVHSP7AEEGGZSYWNBLUZ2UUQPPFUB5","type":null,"size":113355,"referenceId":"01D6UVHSOX5DG5RX522VGYFCV365U3UBU3","driveId":"b!7qg8FsnQY0iiT36_x6Novv_3J9v4MtxPsytkCbb-ZPz3ScQFcxKeSqI2jw7AAtnZ","status":1,"uploadSessionUrl":null}] | R9: https://epsongroup-my.sharepoint.com/personal/brian_ramdhani_epson_co_id/Documents/Apps/Microsoft%20Forms/TAKATSU%20ANALYZE%20REPORT/Question/Plate%20Platen%20Bending_Rio%20Rizki%20Khanigia.jpg | S9: CxD9uB33i0SOIAMMAVLx7MgACF-m | X9: Plate Platen Bending around 1-2 degree | AA9: Change Palte Platen. Segregate Plate platen Stock main assy, result Pn/n [0/22]. Tomorrow feedback to Part Eng to guarantee Stock part at IEI and Vendor. | AB9: Rio Rizki Khanigia
B10: AR241126094933 | C10: 45622 | E10: Takatsu-8 Autocutter | F10: TKSAL-021 | G10: Platen Fan Adjustment NG | H10: Platen Fan Adjustment NG | I10: Low | J10: Operator | K10: PG | O10: Saat proses pg
B11: AR241204091829 | C11: 45630 | E11: Takatsu-4 Autocutter | F11: TKSAL-021 | G11: Platen Fan Adjustment NG | H11: Platen Fan Adjustment NG | I11: Low | J11: Operator | K11: PG | O11: Saat proses no 4 (platen fan adjusment) | P11: Not enough Suction During Platen Fan Adjustment Check, | Q11: [{"name":"Packing Upper deform_Nazar Bagus H..jpg","link":"https://epsongroup-my.sharepoint.com/personal/brian_ramdhani_epson_co_id/Documents/Apps/Microsoft%20Forms/TAKATSU%20ANALYZE%20REPORT/Question/Packing%20Upper%20deform_Nazar%20Bagus%20H..jpg","id":"01D6UVHSJI4IIMJNN75VB2N7GJBUBPM2FY","type":null,"size":93787,"referenceId":"01D6UVHSOX5DG5RX522VGYFCV365U3UBU3","driveId":"b!7qg8FsnQY0iiT36_x6Novv_3J9v4MtxPsytkCbb-ZPz3ScQFcxKeSqI2jw7AAtnZ","status":1,"uploadSessionUrl":null}] | R11: https://epsongroup-my.sharepoint.com/personal/brian_ramdhani_epson_co_id/Documents/Apps/Microsoft%20Forms/TAKATSU%20ANALYZE%20REPORT/Question/Packing%20Upper%20deform_Nazar%20Bagus%20H..jpg | S11: L28Pd-mtOkqE84h-4bXaxcgAPKA_ | X11: Packing Upper deform after Change Platen Unit (Previously NG Paper Jam and Change Platen Unit) | AA11: Re Form Packing Upper and retry in Line --> Result OK | AB11: Nazar Bagus H.
B12: AR250108022137 | C12: 45665 | E12: Takatsu-8 Autocutter | F12: TKSAL-021 | G12: Platen Fan Adjustment NG | H12: Platen Fan Adjustment NG | I12: Low | J12: Operator | K12: PG | O12: Platen fan adjusment | P12: During Platen Fan Adjustment, value NG Minimum | Q12: [{"name":"Platen Fan NG, Platen Gap_Nazar Bagus H..jpg","link":"https://epsongroup-my.sharepoint.com/personal/brian_ramdhani_epson_co_id/Documents/Apps/Microsoft%20Forms/TAKATSU%20ANALYZE%20REPORT/Question/Platen%20Fan%20NG,%20Platen%20Gap_Nazar%20Bagus%20H..jpg","id":"01D6UVHSL2J3ZKK4LR35HKH4GBACKK7NJZ","type":null,"size":55574,"referenceId":"01D6UVHSOX5DG5RX522VGYFCV365U3UBU3","driveId":"b!7qg8FsnQY0iiT36_x6Novv_3J9v4MtxPsytkCbb-ZPz3ScQFcxKeSqI2jw7AAtnZ","status":1,"uploadSessionUrl":null}] | R12: https://epsongroup-my.sharepoint.com/personal/brian_ramdhani_epson_co_id/Documents/Apps/Microsoft%20Forms/TAKATSU%20ANALYZE%20REPORT/Question/Platen%20Fan%20NG,%20Platen%20Gap_Nazar%20Bagus%20H..jpg | S12: wa2Hg6noAEaJ4Mjn9p-_ssgAO1xP | X12: Gap on frame platen because not insert into dowel | AA12: repair platen become OK and check all Sub Assy Platen Unit | AB12: Nazar Bagus H.
B13: AR250108075823 | C13: 45665 | E13: Takatsu-4 Autocutter | F13: TKSAL-021 | G13: Platen Fan Adjustment NG | H13: Platen Fan Adjustment NG | I13: Low | J13: Operator | K13: PG | O13: Saat menu platen adjusmet | P13: During Platen Fan Adjustment, Value NG Minimum | Q13: [{"name":"Platen Fan NG 8 jan_Nazar Bagus H..jpg","link":"https://epsongroup-my.sharepoint.com/personal/brian_ramdhani_epson_co_id/Documents/Apps/Microsoft%20Forms/TAKATSU%20ANALYZE%20REPORT/Question/Platen%20Fan%20NG%208%20jan_Nazar%20Bagus%20H..jpg","id":"01D6UVHSOW6I54JX6ABBEIU5ZZRI4RPA7J","type":null,"size":54695,"referenceId":"01D6UVHSOX5DG5RX522VGYFCV365U3UBU3","driveId":"b!7qg8FsnQY0iiT36_x6Novv_3J9v4MtxPsytkCbb-ZPz3ScQFcxKeSqI2jw7AAtnZ","status":1,"uploadSessionUrl":null}] | R13: https://epsongroup-my.sharepoint.com/personal/brian_ramdhani_epson_co_id/Documents/Apps/Microsoft%20Forms/TAKATSU%20ANALYZE%20REPORT/Question/Platen%20Fan%20NG%208%20jan_Nazar%20Bagus%20H..jpg | S13: a1r_WbJ7O0G03uEu-42dvMgAGlnw | X13: terdapat value produk sebelumnya | AA13: reset semua value menggunakan kenpro menjadi OK | AB13: Nazar Bagus H.
B14: AR250109073004 | C14: 45666 | E14: Takatsu-8 Autocutter | F14: TKSAL-021 | G14: Platen Fan Adjustment NG | H14: Platen Fan Adjustment NG | I14: Low | J14: Operator | K14: PG | O14: Saat proses menu 4 platen fan adjustment | P14: During adjustment at PG Stage, found platen fan adjustment NG | Q14: [{"name":"Platen fan adjustment_Zainul Muttaqin.png","link":"https://epsongroup-my.sharepoint.com/personal/brian_ramdhani_epson_co_id/Documents/Apps/Microsoft%20Forms/TAKATSU%20ANALYZE%20REPORT/Question/Platen%20fan%20adjustment_Zainul%20Muttaqin.png","id":"01D6UVHSLFFFBVMFAQQFHKSSJ7XO4OA67I","type":null,"size":170890,"referenceId":"01D6UVHSOX5DG5RX522VGYFCV365U3UBU3","driveId":"b!7qg8FsnQY0iiT36_x6Novv_3J9v4MtxPsytkCbb-ZPz3ScQFcxKeSqI2jw7AAtnZ","status":1,"uploadSessionUrl":null}] | R14: https://epsongroup-my.sharepoint.com/personal/brian_ramdhani_epson_co_id/Documents/Apps/Microsoft%20Forms/TAKATSU%20ANALYZE%20REPORT/Question/Platen%20fan%20adjustment_Zainul%20Muttaqin.png | S14: l0NA-h58qEiE9cd2DOWy48gAMMwN | X14: Still analyze | AA14: Still analyze | AB14: Zainul Muttaqin
B15: AR250114125106 | C15: 45671 | E15: Takatsu-8 Autocutter | F15: TKSAL-021 | G15: Platen Fan Adjustment NG | H15: Platen Fan Adjustment NG | I15: Low | J15: Operator | K15: PG | O15: Still analize | P15: Platen Fan Adjustment Check NG | Q15: [{"name":"Platen Fan NG 8 jan_Nazar Bagus H. 2.jpg","link":"https://epsongroup-my.sharepoint.com/personal/brian_ramdhani_epson_co_id/Documents/Apps/Microsoft%20Forms/TAKATSU%20ANALYZE%20REPORT/Question/Platen%20Fan%20NG%208%20jan_Nazar%20Bagus%20H.%202.jpg","id":"01D6UVHSMPGIR3KENCNZC3PKDKYYBNPIZM","type":null,"size":54695,"referenceId":"01D6UVHSOX5DG5RX522VGYFCV365U3UBU3","driveId":"b!7qg8FsnQY0iiT36_x6Novv_3J9v4MtxPsytkCbb-ZPz3ScQFcxKeSqI2jw7AAtnZ","status":1,"uploadSessionUrl":null}] | R15: https://epsongroup-my.sharepoint.com/personal/brian_ramdhani_epson_co_id/Documents/Apps/Microsoft%20Forms/TAKATSU%20ANALYZE%20REPORT/Question/Platen%20Fan%20NG%208%20jan_Nazar%20Bagus%20H.%202.jpg | S15: uyxxFDEdqU2y0YzlMXER08gABOQ3 | X15: Drum Shutter Position NG | AA15: reset Shutter Drum Position Become OK | AB15: Nazar Bagus H.
A16: RP250307013301 | B16: AR250307084059 | C16: 45723 | D16: 45723 | E16: Takatsu-4 Autocutter | F16: TKSAL-021 | G16: Platen Fan Adjustment NG | H16: Platen Fan Adjustment NG | J16: Operator | K16: MA09-PG Adjustment [Setting 1] | L16: During PG Inspection | O16: Still analize | P16: During Platen Fan Adjustment, Found Value NG Low | Q16: [{"name":"Drum SHutter NG_Nazar Bagus H..png","link":"https://epsongroup-my.sharepoint.com/personal/brian_ramdhani_epson_co_id/Documents/Apps/Microsoft%20Forms/TAKATSU%20ANALYZE%20REPORT/Question/Drum%20SHutter%20NG_Nazar%20Bagus%20H..png","id":"01D6UVHSJGJKQDAN2PDZDK42W3KDYDOYLI","type":null,"size":6932429,"referenceId":"01D6UVHSOX5DG5RX522VGYFCV365U3UBU3","driveId":"b!7qg8FsnQY0iiT36_x6Novv_3J9v4MtxPsytkCbb-ZPz3ScQFcxKeSqI2jw7AAtnZ","status":1,"uploadSessionUrl":null}] | S16: UrJdSMFvO0OsiiHnC7JqB8gAHJ7w | V16: Man : Methode : Materials : Machine/Jig : | W16: 1. 2. 3. 4. 5. | X16: Shutter Drum Position NG | AA16: Remind Operator to ensure Drum Shutter Position are Open | AB16: Nazar Bagus H.
A17: RP250307013540 | B17: AR250307084222 | C17: 45723 | D17: 45723 | E17: Takatsu-4 Autocutter | F17: TKSAL-021 | G17: Platen Fan Adjustment NG | H17: Platen Fan Adjustment NG | J17: Operator | K17: MA09-PG Adjustment [Setting 1] | L17: During PG Inspection | O17: Still analize | P17: During Platen Fan Adjustment, Found Value NG Low | Q17: [{"name":"Drum SHutter NG_Nazar Bagus H. 1.png","link":"https://epsongroup-my.sharepoint.com/personal/brian_ramdhani_epson_co_id/Documents/Apps/Microsoft%20Forms/TAKATSU%20ANALYZE%20REPORT/Question/Drum%20SHutter%20NG_Nazar%20Bagus%20H.%201.png","id":"01D6UVHSKSLCBYD45GQBAZUKOXPX6RBCUL","type":null,"size":6932429,"referenceId":"01D6UVHSOX5DG5RX522VGYFCV365U3UBU3","driveId":"b!7qg8FsnQY0iiT36_x6Novv_3J9v4MtxPsytkCbb-ZPz3ScQFcxKeSqI2jw7AAtnZ","status":1,"uploadSessionUrl":null}] | S17: X3N29IODgU2XsOl2omA9GcgAL9Ol | V17: Man : Methode : Materials : Machine/Jig : | W17: 1. 2. 3. 4. 5. | X17: Shutter Drum Position are closed | AA17: Remind Operator to ensure Drum Shutter Position are Open | AB17: Nazar Bagus H.

Sheet Sheet4
A1: Request No | B1: : | C1: AR241216054107
A3: Defect Name | B3: : | C3: =VLOOKUP($C$1,Table1[#All],9,0) -> Abnormal CR Movement
A4: Model/Customer | B4: : | C4: EAI-Latin / Cody-FAR (CK243010341)
A5: Stage Occur | B5: : | C5: Printing 1
A6: Pn/n | B6: : | C6: 1 / 104 (0.9%)
A7: Belt/Line | B7: : | C7: H08 / R07
A8: Date/Shift | B8: : | C8: 17 February 2025 / 1st Shift
A9: Phenomenon Detail | B9: : | C9: In stage Printing during process Ink Charge detect Ink cant perfectly suction and result printing nozzle blank
A12: Analyze Process | B12: :
A21: Understanding | B21: : | C21: W0 : No Ink Charge
C22: W1 : Product can't ink suction and print nozzle blank
C23: W2 : IS,DECOMP,PUMP can't properly vacuum.
C24: W3 : Flesh in VALVE,AP
C25: W4 : Part problem from injection
C26: W5 : Leak from inspection vacuum
A28: 4M Potensial Cause | B28: : | C28: MAN POWER :
C29: METHODE :
C30: MATERIALS/PART
C31: Machine / Jig / Tools :

Sheet Sheet6
A1: Date_of_Request | B1: (Multiple Items)
A3: Row Labels | B3: Count of Defect Name
A4: Abnormal CR Movement | B4: 1
A5: Abnormal Noise | B5: 4
A6: Abnormal panel louding | B6: 1
A7: Abnormal panel louding | B7: 1
A8: Abnormal panel louding (csic ng) | B8: 1
A9: Abnormal Paper Loading | B9: 1
A10: Air leak NG (yellow) | B10: 1
A11: Applicator port check ng | B11: 1
A12: Auto cutter ng | B12: 3
A13: CR Measurement NG | B13: 1
A14: CR scale ng | B14: 1
A15: DMAH | B15: 4
... A50: Grand Total | B50: 76

Sheet Sheet5
H2: 3 Worst Defect
A3: Category | B3: Detail Defect | E3: Summary Total Category | H3: Defect | I3: Qty | J3: Rank
A4: PH Defect | B4: DMAV | C4: 8 | E4: Abnormal CR Movement | F4: =SUMIF((A:A),"Abnormal CR Movement", (C:C)) -> 1 | H4: {=_xlfn._xlws.SORT( _xlfn._xlws.FILTER(E4:F27, F4:F27 >= SMALL(_xlfn.UNIQUE(F4:F27), MIN(3, COUNTA(_xlfn.UNIQUE(F4:F27))))), 2, -1 )} -> PH Defect | I4: 23 | J4: 1
A5: PH Defect | B5: DO | C5: 7 | E5: Abnormal Noise | F5: =SUMIF((A:A),"Abnormal Noise", (C:C)) -> 7 | H5: Abnormal Noise | I5: 7 | J5: 2
A6: Abnormal Noise | B6: Abnormal Noise | C6: 4 | E6: Abnormal panel loading | F6: =SUMIF((A:A),"Abnormal panel loading", (C:C)) -> 5 | H6: Sensor NG | I6: 7 | J6: 3
A7: PH Defect | B7: DMAH | C7: 4 | E7: Air Leak NG | F7: =SUMIF((A:A),"Air Leak NG", (C:C)) -> 1 | H7: Abnormal panel loading | I7: 5 | J7: 4
A8: PH Defect | B8: Unstable Printing | C8: 4 | E8: Auto cutter ng | F8: =SUMIF((A:A),"Auto cutter ng", (C:C)) -> 3 | H8: Auto cutter ng | I8: 3 | J8: 5
A9: Auto cutter ng | B9: Auto cutter ng | C9: 3 | E9: Connection NG | F9: =SUMIF((A:A),"Connection NG", (C:C)) -> 2 | H9: Fatal error 005853 | I9: 3 | J9: 6
A10: Paper Jam | B10: Paper Jam | C10: 3 | E10: CR Measurement NG | F10: =SUMIF((A:A),"CR Measurement NG", (C:C)) -> 2 | H10: Initial Setting NG | I10: 3 | J10: 7
A11: Fatal error 005853 | B11: Fatal error 005853 | C11: 3 | E11: Fatal error 004417 | F11: =SUMIF((A:A),"Fatal error 004417", (C:C)) -> 1 | H11: MTC Box NG | I11: 3 | J11: 8
A12: Initial Setting NG | B12: Initial Setting NG | C12: 3 | E12: Fatal error 005146 | F12: =SUMIF((A:A),"Fatal error 005146 ", (C:C)) -> 1 | H12: Paper Jam | I12: 3 | J12: 9
A13: MNU Measurement NG | B13: MNU Measurement NG | C13: 2 | E13: Fatal error 005853 | F13: =SUMIF((A:A),"Fatal error 005853", (C:C)) -> 3
A14: Abnormal Noise | B14: Printing Noise | C14: 2 | E14: Fatal error 006725 | F14: =SUMIF((A:A),"Fatal error 006725", (C:C)) -> 1
A15: Abnormal CR Movement | B15: Abnormal CR Movement | C15: 1 | E15: Fatal error 300105 | F15: =SUMIF((A:A),"Fatal error 300105", (C:C)) -> 1
A16: Abnormal panel loading | B16: Abnormal panel loading | C16: 5 | E16: Initial Setting NG | F16: =SUMIF((A:A),"Initial Setting NG", (C:C)) -> 3
A17: Air Leak NG | B17: Air leak NG (yellow) | C17: 1 | E17: Loose Screw | F17: =SUMIF((A:A),"Loose Screw", (C:C)) -> 1
A18: Connection NG | B18: Applicator port check ng | C18: 1 | E18: MNU Measurement NG | F18: =SUMIF((A:A),"MNU Measurement NG", (C:C)) -> 2
A19: CR Measurement NG | B19: CR Measurement NG | C19: 1 | E19: MTC Box NG | F19: =SUMIF((A:A),"MTC Box NG", (C:C)) -> 3
A20: CR Measurement NG | B20: CR scale ng | C20: 1 | E20: No Inkcharge | F20: =SUMIF((A:A),"No Inkcharge", (C:C)) -> 1
A21: Fatal error 004417 | B21: Fatal error 004417 | C21: 1 | E21: Panel NG | F21: =SUMIF((A:A),"Panel NG", (C:C)) -> 2
A22: Fatal error 005146 | B22: Fatal error 005146 | C22: 1 | E22: Paper Jam | F22: =SUMIF((A:A),"Paper Jam", (C:C)) -> 3
A23: Fatal error 006725 | B23: Fatal error 006725 | C23: 1 | E23: PF Scale NG | F23: =SUMIF((A:A),"PF Scale NG", (C:C)) -> 1
A24: Fatal error 300105 | B24: Fatal error 300105 | C24: 1 | E24: PH Defect | F24: =SUMIF((A:A),"PH Defect", (C:C)) -> 23
A25: Connection NG | B25: Incurred ID(6) | C25: 1 | E25: Sensor NG | F25: =SUMIF((A:A),"Sensor NG", (C:C)) -> 7
A26: Panel NG | B26: LCD blank | C26: 1 | E26: Shutter Check NG | F26: =SUMIF((A:A),"Shutter Check NG", (C:C)) -> 1
A27: MTC Box NG | B27: Mtc box cek ng | C27: 3 | E27: Updare Firmware NG | F27: =SUMIF((A:A),"Updare Firmware NG", (C:C)) -> 1
A28: No Inkcharge | B28: No inkcharge | C28: 1
A29: Panel NG | B29: Panel Ng fuction (unflexible) tombol Up | C29: 1
A30: Sensor NG | B30: Paper detector no function | C30: 1
A31: Sensor NG | B31: Paper remove | C31: 1
A32: Abnormal Noise | B32: Peeler Unit Noise | C32: 1
A33: PF Scale NG | B33: Pf Scale cek ng | C33: 1
A34: Shutter Check NG | B34: Shutter Check NG | C34: 1
A35: Sensor NG | B35: Slack sensor NG | C35: 3
A36: Sensor NG | B36: Spring check sensor 2 ng | C36: 2
A37: Loose Screw | B37: Starwheel loose | C37: 1
A38: Updare Firmware NG | B38: Update firmware failed | C38: 1

Sheet Sheet7
